Object 1 Volume,Object 1 Grasping Length,"Object 1 Shape (Cuboid, Sphere, Cylinder)",Object 2 Volume,Object 2 Grasping Length,"Object 2 Shape (Cuboid, Sphere, Cylinder)",Remaining Workspace Volume after first grasp,Remaining Workspace Volume after both grasps
0.0,0.024,"[0, 0, 1]",0.0,0.0,"[0, 1, 0]",0.0067037741040572255,0.0031333734952219425
0.0,0.12,"[1, 0, 0]",0.0,0.028,"[0, 0, 1]",0.006588616603154549,0.003056951125352388
0.0,0.092,"[1, 0, 0]",0.0,0.024,"[1, 0, 0]",0.00662832541053986,0.00310206949987543
0.0,0.0,"[0, 1, 0]",0.0,0.0,"[0, 1, 0]",0.006698963585940195,0.003133306067407532
0.0,0.0,"[0, 1, 0]",0.0,0.024,"[1, 0, 0]",0.006674954182431497,0.0031312282487902365
0.0,0.024,"[1, 0, 0]",0.0,0.0,"[0, 1, 0]",0.0066639289802286885,0.003133367093752902
0.0,0.012,"[1, 0, 0]",0.0,0.0,"[0, 1, 0]",0.006702239452604478,0.00313336951767232
0.0,0.014,"[1, 0, 0]",0.0,0.092,"[1, 0, 0]",0.006692891837058032,0.0031333201524658123
0.0,0.112,"[0, 0, 1]",0.0,0.076,"[1, 0, 0]",0.006610041614596222,0.0031142741799768817
0.0,0.112,"[0, 0, 1]",0.0,0.0,"[0, 1, 0]",0.006590415688586455,0.003107760376660056
0.0,0.038,"[0, 0, 1]",0.0,0.0,"[0, 1, 0]",0.006700592718515775,0.0031333273940632477
0.0,0.014,"[1, 0, 0]",0.0,0.058,"[1, 0, 0]",0.00669273546480799,0.003133434714646476
0.0,0.0,"[0, 1, 0]",0.0,0.082,"[0, 0, 1]",0.006684240336029117,0.003132334920393133
0.0,0.01,"[1, 0, 0]",0.0,0.104,"[1, 0, 0]",0.006699376207382157,0.0031333111236822725
0.0,0.09,"[1, 0, 0]",0.0,0.032,"[1, 0, 0]",0.006694613127726878,0.0031290979067649816
0.0,0.086,"[0, 0, 1]",0.0,0.026,"[1, 0, 0]",0.006694361107462268,0.0031331115565793963
0.0,0.0,"[0, 1, 0]",0.0,0.022,"[1, 0, 0]",0.006674881526028302,0.0031310426383609484
0.0,0.074,"[1, 0, 0]",0.0,0.066,"[1, 0, 0]",0.006658188411443532,0.003115363164022675
0.0,0.0,"[0, 1, 0]",0.0,0.108,"[0, 0, 1]",0.0066249317426142675,0.003120536464386403
0.0,0.0,"[0, 1, 0]",0.0,0.012,"[0, 0, 1]",0.0067005390770075324,0.003133267417836102
0.0,0.056,"[1, 0, 0]",0.0,0.118,"[1, 0, 0]",0.006558594763881417,0.0031027118582430038
0.0,0.022,"[0, 0, 1]",0.0,0.0,"[0, 1, 0]",0.006703094263886085,0.003133144056666766
0.0,0.0,"[0, 1, 0]",0.0,0.044,"[0, 0, 1]",0.006690741380280404,0.003132979904242685
0.0,0.114,"[1, 0, 0]",0.0,0.07,"[1, 0, 0]",0.0066132533796619776,0.003095247101954372
0.0,0.0,"[0, 1, 0]",0.0,0.042,"[1, 0, 0]",0.006700376562590397,0.003133248915347487
0.0,0.0,"[0, 1, 0]",0.0,0.0,"[0, 1, 0]",0.0067050786778548145,0.0031330911375438623
0.0,0.05,"[0, 0, 1]",0.0,0.058,"[1, 0, 0]",0.006704109402334971,0.003133247406300134
0.0,0.076,"[1, 0, 0]",0.0,0.014,"[0, 0, 1]",0.0066717440225202715,0.0031250538761630714
0.0,0.094,"[1, 0, 0]",0.0,0.084,"[1, 0, 0]",0.006693618699795587,0.003124518279397167
0.0,0.0,"[0, 1, 0]",0.0,0.05,"[0, 0, 1]",0.006639505387483218,0.0031246151768729675
0.0,0.0,"[0, 1, 0]",0.0,0.062,"[0, 0, 1]",0.006633267779669561,0.003123124142537022
0.0,0.09,"[0, 0, 1]",0.0,0.0,"[0, 1, 0]",0.0067053482151330545,0.0031333027428038763
0.0,0.0,"[0, 1, 0]",0.0,0.074,"[0, 0, 1]",0.006652919434156206,0.003127488013601325
0.0,0.0,"[0, 1, 0]",0.0,0.116,"[0, 0, 1]",0.006700648390643559,0.0031333636920591783
0.0,0.0,"[0, 1, 0]",0.0,0.028,"[0, 0, 1]",0.0067044448709758404,0.003133248336047192
0.0,0.09,"[0, 0, 1]",0.0,0.0,"[0, 1, 0]",0.006626568110995041,0.003118886751451573
0.0,0.012,"[1, 0, 0]",0.0,0.0,"[0, 1, 0]",0.006694801963432692,0.003133298540330246
0.0,0.106,"[0, 0, 1]",0.0,0.092,"[0, 0, 1]",0.006602101190703034,0.003112789929006791
0.0,0.076,"[1, 0, 0]",0.0,0.06,"[1, 0, 0]",0.0066711720583973524,0.00311856179973972
0.0,0.074,"[1, 0, 0]",0.0,0.082,"[0, 0, 1]",0.0066952220535193615,0.003131142847176137
0.0,0.0,"[0, 1, 0]",0.0,0.012,"[0, 0, 1]",0.00667134540778863,0.003130660033796962
0.0,0.0,"[0, 1, 0]",0.0,0.0,"[0, 1, 0]",0.006671737416423543,0.003130297973565818
0.0,0.102,"[0, 0, 1]",0.0,0.022,"[1, 0, 0]",0.006698450149492097,0.0031332801467946906
0.0,0.058,"[0, 0, 1]",0.0,0.1,"[0, 0, 1]",0.006702946964527337,0.003133398943856626
0.0,0.0,"[0, 1, 0]",0.0,0.074,"[0, 0, 1]",0.00667550358632316,0.0031312924703593074
0.0,0.0,"[0, 1, 0]",0.0,0.124,"[1, 0, 0]",0.0066836097088080115,0.0031323181039652503
0.0,0.046,"[1, 0, 0]",0.0,0.0,"[0, 1, 0]",0.006698803169629662,0.003131014698220182
0.0,0.05,"[1, 0, 0]",0.0,0.1,"[0, 0, 1]",0.006699372450352636,0.003130345673391328
0.0,0.0,"[0, 1, 0]",0.0,0.062,"[0, 0, 1]",0.006702999449299745,0.0031332572156944497
0.0,0.102,"[0, 0, 1]",0.0,0.0,"[0, 1, 0]",0.006601811100929008,0.003113773938778788
0.0,0.0,"[0, 1, 0]",0.0,0.09,"[1, 0, 0]",0.006687319000517202,0.003132547139749725
0.0,0.0,"[0, 1, 0]",0.0,0.0,"[0, 1, 0]",0.006652474341396942,0.003127781541768021
0.0,0.02,"[1, 0, 0]",0.0,0.032,"[1, 0, 0]",0.006673641743577165,0.003133097841463766
0.0,0.042,"[0, 0, 1]",0.0,0.0,"[0, 1, 0]",0.006693391439112247,0.003132078533893245
0.0,0.088,"[1, 0, 0]",0.0,0.0,"[0, 1, 0]",0.006668200762813394,0.0031174875827960475
0.0,0.0,"[0, 1, 0]",0.0,0.124,"[1, 0, 0]",0.006702632694662368,0.0031333420942958896
0.0,0.0,"[0, 1, 0]",0.0,0.02,"[1, 0, 0]",0.006687403254778805,0.003132657128529995
0.0,0.054,"[1, 0, 0]",0.0,0.012,"[1, 0, 0]",0.006698194141478554,0.0031322066462399593
0.0,0.0,"[0, 1, 0]",0.0,0.076,"[1, 0, 0]",0.006705187721936612,0.003133420910966994
0.0,0.112,"[1, 0, 0]",0.0,0.0,"[0, 1, 0]",0.006520026371769562,0.003035881767318724
0.0,0.0,"[0, 1, 0]",0.0,0.11,"[1, 0, 0]",0.0066318509203861075,0.0031227220356015023
0.0,0.0,"[0, 1, 0]",0.0,0.072,"[0, 0, 1]",0.006687406658059101,0.0031327025255820594
0.0,0.06,"[0, 0, 1]",0.0,0.036,"[1, 0, 0]",0.006704300784343564,0.003133212314317698
0.0,0.038,"[0, 0, 1]",0.0,0.0,"[0, 1, 0]",0.00668170945607732,0.003129541700025316
0.0,0.058,"[1, 0, 0]",0.0,0.0,"[0, 1, 0]",0.006668949735250609,0.003123100881095952
0.0,0.0,"[0, 1, 0]",0.0,0.064,"[1, 0, 0]",0.006705246689492363,0.0031331330257123586
0.0,0.072,"[0, 0, 1]",0.0,0.06,"[1, 0, 0]",0.006658567989551488,0.003127396342727
0.0,0.122,"[1, 0, 0]",0.0,0.018,"[0, 0, 1]",0.0065092092534199154,0.003052616104602496
0.0,0.098,"[0, 0, 1]",0.0,0.0,"[0, 1, 0]",0.006691346110975976,0.0031330959128492443
0.0,0.096,"[1, 0, 0]",0.0,0.0,"[0, 1, 0]",0.0064687433429508005,0.003051738829492809
0.0,0.088,"[0, 0, 1]",0.0,0.03,"[1, 0, 0]",0.0066839325175592455,0.0031329100058777
0.0,0.076,"[1, 0, 0]",0.0,0.0,"[0, 1, 0]",0.006635032224417561,0.0031129383912783127
0.0,0.09,"[1, 0, 0]",0.0,0.012,"[1, 0, 0]",0.0065517136029157935,0.0030582974433821927
0.0,0.066,"[0, 0, 1]",0.0,0.0,"[0, 1, 0]",0.006700937355387903,0.003133338887280262
0.0,0.056,"[0, 0, 1]",0.0,0.054,"[1, 0, 0]",0.006692898521674812,0.003133040884205389
0.0,0.086,"[0, 0, 1]",0.0,0.074,"[0, 0, 1]",0.006669833060213323,0.0031314224369809658
0.0,0.0,"[0, 1, 0]",0.0,0.014,"[1, 0, 0]",0.006705201869647212,0.0031332721619703897
0.0,0.0,"[0, 1, 0]",0.0,0.12,"[0, 0, 1]",0.006703440502955457,0.003133262221034615
0.0,0.0,"[0, 1, 0]",0.0,0.0,"[0, 1, 0]",0.006638882893508364,0.003124344420268304
0.0,0.016,"[1, 0, 0]",0.0,0.09,"[0, 0, 1]",0.006704507295394515,0.0031331988232690504
0.0,0.036,"[0, 0, 1]",0.0,0.0,"[0, 1, 0]",0.006703365237005,0.0031333561365419547
0.0,0.122,"[0, 0, 1]",0.0,0.022,"[0, 0, 1]",0.006601492765636683,0.003116154152663936
0.0,0.096,"[0, 0, 1]",0.0,0.112,"[0, 0, 1]",0.0066651881231568144,0.003131922789647293
0.0,0.108,"[1, 0, 0]",0.0,0.0,"[0, 1, 0]",0.006662937862023872,0.003115848466589785
0.0,0.024,"[0, 0, 1]",0.0,0.048,"[1, 0, 0]",0.00669914280064409,0.003131375392501141
0.0,0.032,"[1, 0, 0]",0.0,0.066,"[1, 0, 0]",0.006701129893035138,0.003133062861691187
0.0,0.096,"[0, 0, 1]",0.0,0.088,"[1, 0, 0]",0.006701033677061954,0.003133069178867625
0.0,0.02,"[1, 0, 0]",0.0,0.116,"[1, 0, 0]",0.006703022469983191,0.0031331912055718412
0.0,0.084,"[1, 0, 0]",0.0,0.0,"[0, 1, 0]",0.006694190155109835,0.0031259545022691328
0.0,0.07,"[1, 0, 0]",0.0,0.032,"[1, 0, 0]",0.006574540486746501,0.0030991730873506525
0.0,0.098,"[0, 0, 1]",0.0,0.03,"[0, 0, 1]",0.006615733918937844,0.0031185924171314213
0.0,0.074,"[1, 0, 0]",0.0,0.03,"[1, 0, 0]",0.0066714422475066155,0.0031233505664904045
0.0,0.102,"[0, 0, 1]",0.0,0.04,"[0, 0, 1]",0.006676782876801318,0.0031323794477958284
0.0,0.0,"[0, 1, 0]",0.0,0.086,"[1, 0, 0]",0.006705447949433457,0.003133279409014548
0.0,0.03,"[0, 0, 1]",0.0,0.082,"[1, 0, 0]",0.006704673621648942,0.0031333483947430696
0.0,0.0,"[0, 1, 0]",0.0,0.0,"[0, 1, 0]",0.006646667700442132,0.003126431707781384
0.0,0.106,"[1, 0, 0]",0.0,0.096,"[1, 0, 0]",0.00669208517448544,0.003123539044892872
0.0,0.12,"[1, 0, 0]",0.0,0.08,"[1, 0, 0]",0.006660922342768239,0.0031176005575698244
0.0,0.016,"[1, 0, 0]",0.0,0.042,"[1, 0, 0]",0.006684889767554056,0.0031333806767494085
0.0,0.0,"[0, 1, 0]",0.0,0.014,"[0, 0, 1]",0.006684967412531479,0.003132078220626235
0.0,0.078,"[0, 0, 1]",0.0,0.084,"[1, 0, 0]",0.0066298964424108394,0.0031173328523851755
0.0,0.022,"[1, 0, 0]",0.0,0.12,"[1, 0, 0]",0.006695879444069818,0.003133298619018402
0.0,0.014,"[1, 0, 0]",0.0,0.0,"[0, 1, 0]",0.006677668973247328,0.0031331654888892982
0.0,0.112,"[0, 0, 1]",0.0,0.052,"[1, 0, 0]",0.006658129682050085,0.00312968299709268
0.0,0.06,"[0, 0, 1]",0.0,0.046,"[0, 0, 1]",0.006704205376133092,0.003133281202208228
0.0,0.12,"[1, 0, 0]",0.0,0.016,"[1, 0, 0]",0.006701017558862953,0.0031291723258935226
0.0,0.086,"[0, 0, 1]",0.0,0.018,"[1, 0, 0]",0.006672044953246271,0.003132217100120166
0.0,0.0,"[0, 1, 0]",0.0,0.074,"[1, 0, 0]",0.0066912848475468144,0.0031328610586944423
0.0,0.0,"[0, 1, 0]",0.0,0.076,"[1, 0, 0]",0.006660704768698654,0.003128514705751995
0.0,0.07,"[0, 0, 1]",0.0,0.098,"[1, 0, 0]",0.006677534599355669,0.003131471360307766
0.0,0.108,"[0, 0, 1]",0.0,0.102,"[0, 0, 1]",0.006701843289374991,0.003133243298222566
0.0,0.016,"[1, 0, 0]",0.0,0.124,"[1, 0, 0]",0.006701021719907169,0.003133424705001732
0.0,0.0,"[0, 1, 0]",0.0,0.122,"[0, 0, 1]",0.006638400712352511,0.003125079653316748
0.0,0.094,"[1, 0, 0]",0.0,0.11,"[1, 0, 0]",0.0066656709987531525,0.003116164297631307
0.0,0.102,"[1, 0, 0]",0.0,0.0,"[0, 1, 0]",0.006488786623284248,0.003045562030941117
0.0,0.0,"[0, 1, 0]",0.0,0.0,"[0, 1, 0]",0.006696924121195412,0.0031330871510835035
0.0,0.0,"[0, 1, 0]",0.0,0.0,"[0, 1, 0]",0.0066992799371715685,0.003133297264862382
0.0,0.0,"[0, 1, 0]",0.0,0.024,"[0, 0, 1]",0.006699189180071757,0.0031332810297267613
0.0,0.094,"[0, 0, 1]",0.0,0.08,"[0, 0, 1]",0.0066595783047608045,0.003128143966775958
0.0,0.112,"[1, 0, 0]",0.0,0.032,"[1, 0, 0]",0.006700612751013625,0.0031294563120261073
0.0,0.0,"[0, 1, 0]",0.0,0.078,"[0, 0, 1]",0.006705604608553168,0.003133271997763432
0.0,0.09,"[0, 0, 1]",0.0,0.086,"[1, 0, 0]",0.006672470724381437,0.0031320830806360967
0.0,0.104,"[1, 0, 0]",0.0,0.068,"[0, 0, 1]",0.006663518605806194,0.003109000304133034
0.0,0.0,"[0, 1, 0]",0.0,0.0,"[0, 1, 0]",0.006683902397346145,0.003132219940615032
0.0,0.034,"[0, 0, 1]",0.0,0.084,"[0, 0, 1]",0.006685524284659504,0.003130535102354649
0.0,0.078,"[0, 0, 1]",0.0,0.06,"[0, 0, 1]",0.0066760629190793066,0.0031321170670253733
0.0,0.094,"[1, 0, 0]",0.0,0.024,"[1, 0, 0]",0.006540723267753242,0.0030780307540587424
0.0,0.0,"[0, 1, 0]",0.0,0.026,"[0, 0, 1]",0.006696077471317325,0.0031332183683950303
0.0,0.124,"[0, 0, 1]",0.0,0.0,"[0, 1, 0]",0.006620253843160746,0.0031235371566463053
0.0,0.066,"[0, 0, 1]",0.0,0.0,"[0, 1, 0]",0.006631139140148084,0.0031197170896575537
0.0,0.102,"[1, 0, 0]",0.0,0.072,"[1, 0, 0]",0.006650177943570759,0.0031018873104768484
0.0,0.108,"[0, 0, 1]",0.0,0.0,"[0, 1, 0]",0.006657618721183492,0.003130134927198853
0.0,0.116,"[1, 0, 0]",0.0,0.0,"[0, 1, 0]",0.006661031686144066,0.0031147525480011693
0.0,0.06,"[1, 0, 0]",0.0,0.0,"[0, 1, 0]",0.0065939522484899276,0.0030963440247026787
0.0,0.042,"[0, 0, 1]",0.0,0.0,"[0, 1, 0]",0.006685287356646157,0.0031295179443809897
0.0,0.0,"[0, 1, 0]",0.0,0.072,"[1, 0, 0]",0.006699261958901236,0.003133402715531131
0.0,0.036,"[0, 0, 1]",0.0,0.086,"[0, 0, 1]",0.00668366974049865,0.0031300208055496945
0.0,0.0,"[0, 1, 0]",0.0,0.022,"[1, 0, 0]",0.0066795678697586045,0.003131541128557393
0.0,0.114,"[0, 0, 1]",0.0,0.0,"[0, 1, 0]",0.006697184729502744,0.003133297024874166
0.0,0.064,"[0, 0, 1]",0.0,0.02,"[1, 0, 0]",0.006687191464091349,0.003132676124010414
0.0,0.0,"[0, 1, 0]",0.0,0.12,"[1, 0, 0]",0.006638445140721495,0.003124516620078507
0.0,0.054,"[1, 0, 0]",0.0,0.016,"[1, 0, 0]",0.006655717581588586,0.003122392816849128
0.0,0.058,"[0, 0, 1]",0.0,0.066,"[0, 0, 1]",0.006702440854209948,0.003133205435122775
0.0,0.0,"[0, 1, 0]",0.0,0.0,"[0, 1, 0]",0.006698674001061764,0.003133181180301421
0.0,0.0,"[0, 1, 0]",0.0,0.124,"[1, 0, 0]",0.006675063673189779,0.003131220178611704
0.0,0.092,"[1, 0, 0]",0.0,0.014,"[0, 0, 1]",0.006607680942407794,0.0030920077779687705
0.0,0.056,"[0, 0, 1]",0.0,0.088,"[0, 0, 1]",0.006686879468807978,0.003132377149821388
0.0,0.012,"[1, 0, 0]",0.0,0.092,"[0, 0, 1]",0.006702822118507667,0.003133264576218795
0.0,0.0,"[0, 1, 0]",0.0,0.028,"[1, 0, 0]",0.006701280490818504,0.0031333416903474697
0.0,0.0,"[0, 1, 0]",0.0,0.082,"[0, 0, 1]",0.006695706970669916,0.003133274263550676
0.0,0.038,"[0, 0, 1]",0.0,0.088,"[0, 0, 1]",0.006694098490176618,0.00313231663107742
0.0,0.0,"[0, 1, 0]",0.0,0.048,"[0, 0, 1]",0.0066676981021737535,0.0031294116227573816
0.0,0.0,"[0, 1, 0]",0.0,0.106,"[1, 0, 0]",0.006703824680400287,0.003133259258599704
0.0,0.0,"[0, 1, 0]",0.0,0.0,"[0, 1, 0]",0.006653211771537271,0.003127238061085275
0.0,0.118,"[0, 0, 1]",0.0,0.1,"[0, 0, 1]",0.0066707143953895365,0.003132110041318423
0.0,0.0,"[0, 1, 0]",0.0,0.098,"[1, 0, 0]",0.006703998516849981,0.0031333134035007515
0.0,0.0,"[0, 1, 0]",0.0,0.0,"[0, 1, 0]",0.006699270174627022,0.0031333755252016234
0.0,0.076,"[0, 0, 1]",0.0,0.114,"[1, 0, 0]",0.00669701298097589,0.003133129039281391
0.0,0.0,"[0, 1, 0]",0.0,0.03,"[1, 0, 0]",0.006652202632593863,0.00312730827860649
0.0,0.086,"[1, 0, 0]",0.0,0.074,"[1, 0, 0]",0.006608128874131053,0.0030864625206457317
0.0,0.0,"[0, 1, 0]",0.0,0.042,"[0, 0, 1]",0.006623843973391203,0.003121497482606169
0.0,0.1,"[0, 0, 1]",0.0,0.03,"[1, 0, 0]",0.006647582398328662,0.0031256555588667807
0.0,0.054,"[1, 0, 0]",0.0,0.0,"[0, 1, 0]",0.0066050107759530975,0.00311164117227548
0.0,0.12,"[0, 0, 1]",0.0,0.0,"[0, 1, 0]",0.006645650716562651,0.003127531379910317
0.0,0.064,"[1, 0, 0]",0.0,0.01,"[1, 0, 0]",0.006676889870166431,0.003126681331657769
0.0,0.0,"[0, 1, 0]",0.0,0.016,"[0, 0, 1]",0.006645470737613537,0.0031259186971241268
0.0,0.048,"[0, 0, 1]",0.0,0.0,"[0, 1, 0]",0.006683851973929458,0.003131747532894855
0.0,0.0,"[0, 1, 0]",0.0,0.11,"[1, 0, 0]",0.00663861988476599,0.003124763533136776
0.0,0.0,"[0, 1, 0]",0.0,0.012,"[1, 0, 0]",0.006660131113396996,0.0031284241714236768
0.0,0.0,"[0, 1, 0]",0.0,0.0,"[0, 1, 0]",0.0066845693002375,0.003132143830897823
0.0,0.094,"[0, 0, 1]",0.0,0.102,"[1, 0, 0]",0.006610250655624018,0.003111742908582038
0.0,0.06,"[1, 0, 0]",0.0,0.074,"[1, 0, 0]",0.00659442521554701,0.003107498812869408
0.0,0.1,"[1, 0, 0]",0.0,0.03,"[1, 0, 0]",0.006601557353308283,0.003085247366630645
0.0,0.0,"[0, 1, 0]",0.0,0.0,"[0, 1, 0]",0.006694174070436545,0.003133176700757629
0.0,0.0,"[0, 1, 0]",0.0,0.042,"[1, 0, 0]",0.0067029287543202,0.0031331885839376416
0.0,0.038,"[1, 0, 0]",0.0,0.01,"[0, 0, 1]",0.0066599681449337035,0.003127923384890861
0.0,0.08,"[0, 0, 1]",0.0,0.062,"[0, 0, 1]",0.006672115405126474,0.003132173889126576
0.0,0.056,"[0, 0, 1]",0.0,0.084,"[0, 0, 1]",0.006702446289605042,0.0031332101976055344
0.0,0.098,"[0, 0, 1]",0.0,0.0,"[0, 1, 0]",0.00667952446677132,0.0031324281559096012
0.0,0.0,"[0, 1, 0]",0.0,0.0,"[0, 1, 0]",0.006672432046119497,0.0031308395391911586
0.0,0.04,"[1, 0, 0]",0.0,0.022,"[1, 0, 0]",0.0066603239292554245,0.00312549566523732
0.0,0.122,"[0, 0, 1]",0.0,0.106,"[1, 0, 0]",0.006697046402204397,0.003133447488482925
0.0,0.076,"[0, 0, 1]",0.0,0.074,"[1, 0, 0]",0.006649895220855206,0.0031229514873567263
0.0,0.0,"[0, 1, 0]",0.0,0.02,"[1, 0, 0]",0.006632691050555726,0.003122823269139279
0.0,0.094,"[0, 0, 1]",0.0,0.0,"[0, 1, 0]",0.00668136420907373,0.003132397310029201
0.0,0.086,"[0, 0, 1]",0.0,0.054,"[1, 0, 0]",0.0066821003622422725,0.0031324712243527807
0.0,0.012,"[1, 0, 0]",0.0,0.07,"[0, 0, 1]",0.006704464568279884,0.0031333676249436317
0.0,0.102,"[1, 0, 0]",0.0,0.064,"[0, 0, 1]",0.006601361090608499,0.003073677513917748
0.0,0.0,"[0, 1, 0]",0.0,0.112,"[0, 0, 1]",0.0066524207540845605,0.0031272869826487826
0.0,0.0,"[0, 1, 0]",0.0,0.024,"[1, 0, 0]",0.006698747518856711,0.0031332636245776924
0.0,0.032,"[0, 0, 1]",0.0,0.08,"[0, 0, 1]",0.0067035836327501465,0.0031333384673886875
0.0,0.0,"[0, 1, 0]",0.0,0.0,"[0, 1, 0]",0.006693744372657711,0.0031331218728113943
0.0,0.0,"[0, 1, 0]",0.0,0.0,"[0, 1, 0]",0.006696335490587029,0.003133220000533829
0.0,0.03,"[0, 0, 1]",0.0,0.088,"[0, 0, 1]",0.006702908665278553,0.0031334003778188085
0.0,0.038,"[0, 0, 1]",0.0,0.0,"[0, 1, 0]",0.006702181228653824,0.0031333177695776863
0.0,0.0,"[0, 1, 0]",0.0,0.028,"[1, 0, 0]",0.006693695988468439,0.0031330449319106578
0.0,0.038,"[1, 0, 0]",0.0,0.054,"[0, 0, 1]",0.006700960254419206,0.0031323229022393643
0.0,0.06,"[1, 0, 0]",0.0,0.122,"[1, 0, 0]",0.0066355198569894025,0.0031121671228726434
0.0,0.024,"[1, 0, 0]",0.0,0.072,"[0, 0, 1]",0.006704351088997381,0.0031334229257816487
0.0,0.11,"[0, 0, 1]",0.0,0.0,"[0, 1, 0]",0.006704784681907343,0.003133223709205313
0.0,0.0,"[0, 1, 0]",0.0,0.0,"[0, 1, 0]",0.006684693394462354,0.00313217823299147
0.0,0.118,"[0, 0, 1]",0.0,0.05,"[1, 0, 0]",0.006584396086763583,0.00311064834657712
0.0,0.046,"[0, 0, 1]",0.0,0.038,"[0, 0, 1]",0.006693218541147133,0.003132797422764473
0.0,0.06,"[0, 0, 1]",0.0,0.072,"[1, 0, 0]",0.006702285094517807,0.0031332100769614307
0.0,0.0,"[0, 1, 0]",0.0,0.024,"[0, 0, 1]",0.006667590255939065,0.003129542920121132
0.0,0.018,"[0, 0, 1]",0.0,0.04,"[1, 0, 0]",0.006698421841230507,0.003132005544251632
0.0,0.0,"[0, 1, 0]",0.0,0.114,"[1, 0, 0]",0.0066754237017038354,0.0031312172489127658
0.0,0.1,"[0, 0, 1]",0.0,0.074,"[1, 0, 0]",0.006626316190884336,0.003122561996888009
0.0,0.0,"[0, 1, 0]",0.0,0.0,"[0, 1, 0]",0.006696491384194465,0.0031333269140436807
0.0,0.066,"[0, 0, 1]",0.0,0.112,"[1, 0, 0]",0.006688894406059656,0.003132879715683189
0.0,0.042,"[0, 0, 1]",0.0,0.07,"[1, 0, 0]",0.006698077754074794,0.0031330006646854607
0.0,0.0,"[0, 1, 0]",0.0,0.0,"[0, 1, 0]",0.006705096288083205,0.003133510717194826
0.0,0.054,"[0, 0, 1]",0.0,0.064,"[1, 0, 0]",0.00665700231110699,0.0031234282304569588
0.0,0.0,"[0, 1, 0]",0.0,0.012,"[1, 0, 0]",0.006671701676800818,0.0031302133401533557
0.0,0.012,"[1, 0, 0]",0.0,0.094,"[1, 0, 0]",0.006699219496976339,0.003133342755478832
0.0,0.1,"[0, 0, 1]",0.0,0.0,"[0, 1, 0]",0.006664591216705514,0.003131836083529787
0.0,0.0,"[0, 1, 0]",0.0,0.09,"[1, 0, 0]",0.006687175054790167,0.003132677573034277
0.0,0.112,"[1, 0, 0]",0.0,0.0,"[0, 1, 0]",0.006692230974026586,0.0031294452784723322
0.0,0.07,"[1, 0, 0]",0.0,0.112,"[0, 0, 1]",0.006695904096677524,0.0031313489441082898
0.0,0.0,"[0, 1, 0]",0.0,0.026,"[1, 0, 0]",0.0067046718962060214,0.00313325633359369
0.0,0.0,"[0, 1, 0]",0.0,0.096,"[1, 0, 0]",0.00670538626327816,0.0031332772557665623
0.0,0.0,"[0, 1, 0]",0.0,0.038,"[1, 0, 0]",0.006704889694862265,0.0031331926107620307
0.0,0.0,"[0, 1, 0]",0.0,0.02,"[0, 0, 1]",0.006674946411450502,0.0031315061134854173
0.0,0.036,"[1, 0, 0]",0.0,0.104,"[1, 0, 0]",0.006700625761565395,0.0031324998532924744
0.0,0.072,"[0, 0, 1]",0.0,0.0,"[0, 1, 0]",0.00669688476234693,0.003133360262645307
0.0,0.0,"[0, 1, 0]",0.0,0.024,"[0, 0, 1]",0.006693622285349485,0.00313313188633505
0.0,0.102,"[1, 0, 0]",0.0,0.122,"[1, 0, 0]",0.00662309816265913,0.0031018521675839545
0.0,0.052,"[0, 0, 1]",0.0,0.02,"[1, 0, 0]",0.0066924098558232325,0.0031329017625316012
0.0,0.034,"[0, 0, 1]",0.0,0.0,"[0, 1, 0]",0.00668472125346364,0.003130574124303875
0.0,0.084,"[0, 0, 1]",0.0,0.026,"[1, 0, 0]",0.00669796299073848,0.0031333938523727747
0.0,0.096,"[1, 0, 0]",0.0,0.066,"[0, 0, 1]",0.0066933700467473635,0.0031302212479408942
0.0,0.114,"[0, 0, 1]",0.0,0.05,"[1, 0, 0]",0.006694411541226868,0.003133241616411499
0.0,0.0,"[0, 1, 0]",0.0,0.046,"[1, 0, 0]",0.0067008471412325615,0.003133140859505334
0.0,0.026,"[0, 0, 1]",0.0,0.028,"[0, 0, 1]",0.006703707904902856,0.003133346731735716
0.0,0.114,"[0, 0, 1]",0.0,0.0,"[0, 1, 0]",0.006593724203675205,0.003114371918723673
0.0,0.0,"[0, 1, 0]",0.0,0.0,"[0, 1, 0]",0.0066583528122547714,0.003128805445700961
0.0,0.08,"[1, 0, 0]",0.0,0.1,"[0, 0, 1]",0.006561798715614111,0.003090721499309785
0.0,0.0,"[0, 1, 0]",0.0,0.016,"[1, 0, 0]",0.006676502927304027,0.003131056400313193
0.0,0.0,"[0, 1, 0]",0.0,0.0,"[0, 1, 0]",0.006703612881663749,0.0031333081594086577
0.0,0.102,"[1, 0, 0]",0.0,0.0,"[0, 1, 0]",0.006701671109195727,0.003129788060645595
0.0,0.0,"[0, 1, 0]",0.0,0.0,"[0, 1, 0]",0.0066993730543753885,0.0031333076942568817
0.0,0.078,"[1, 0, 0]",0.0,0.07,"[1, 0, 0]",0.006634728752637899,0.0031128478582121252
0.0,0.064,"[1, 0, 0]",0.0,0.022,"[0, 0, 1]",0.006647302069341454,0.003117457507197944
0.0,0.098,"[1, 0, 0]",0.0,0.074,"[1, 0, 0]",0.006665195628312073,0.003118034723165973
0.0,0.046,"[0, 0, 1]",0.0,0.066,"[0, 0, 1]",0.006682533330388945,0.0031310071475591
0.0,0.024,"[1, 0, 0]",0.0,0.01,"[0, 0, 1]",0.006702457774185456,0.0031332460607893385
0.0,0.0,"[0, 1, 0]",0.0,0.0,"[0, 1, 0]",0.0066719688863929065,0.0031305853278390558
0.0,0.04,"[1, 0, 0]",0.0,0.0,"[0, 1, 0]",0.006632455400695636,0.0031208532790463045
0.0,0.038,"[1, 0, 0]",0.0,0.12,"[1, 0, 0]",0.0066888341601834605,0.0031310604743538147
0.0,0.0,"[0, 1, 0]",0.0,0.074,"[0, 0, 1]",0.006693958122907327,0.003133197789518052
0.0,0.014,"[1, 0, 0]",0.0,0.114,"[0, 0, 1]",0.0067053685778573615,0.0031332868385238297
0.0,0.032,"[0, 0, 1]",0.0,0.016,"[1, 0, 0]",0.006700274063377827,0.0031331297414394807
0.0,0.09,"[0, 0, 1]",0.0,0.09,"[0, 0, 1]",0.006619997871720186,0.003116004225669119
0.0,0.0,"[0, 1, 0]",0.0,0.0,"[0, 1, 0]",0.0067036341705440025,0.0031333721361430037
0.0,0.016,"[1, 0, 0]",0.0,0.0,"[0, 1, 0]",0.006703731077282546,0.003133247983850146
0.0,0.078,"[0, 0, 1]",0.0,0.114,"[1, 0, 0]",0.006705391336895579,0.003133381807097681
0.0,0.076,"[1, 0, 0]",0.0,0.036,"[0, 0, 1]",0.006670989941184982,0.0031212640239047388
0.0,0.0,"[0, 1, 0]",0.0,0.092,"[0, 0, 1]",0.006698877731764228,0.0031334041722628665
0.0,0.0,"[0, 1, 0]",0.0,0.066,"[1, 0, 0]",0.006675505569257441,0.0031313368699221193
0.0,0.086,"[0, 0, 1]",0.0,0.016,"[1, 0, 0]",0.006702378928784954,0.0031331445401622552
0.0,0.078,"[0, 0, 1]",0.0,0.04,"[0, 0, 1]",0.0066955729032050024,0.0031333159336296595
0.0,0.11,"[1, 0, 0]",0.0,0.0,"[0, 1, 0]",0.006452891581136853,0.003032925752274286
0.0,0.086,"[1, 0, 0]",0.0,0.0,"[0, 1, 0]",0.006694511378758288,0.0031307375280245435
0.0,0.094,"[1, 0, 0]",0.0,0.1,"[1, 0, 0]",0.006541145293145051,0.00307202775727808
0.0,0.106,"[1, 0, 0]",0.0,0.016,"[0, 0, 1]",0.006530163395588003,0.0030477284523546372
0.0,0.034,"[0, 0, 1]",0.0,0.0,"[0, 1, 0]",0.006697710416485154,0.003133002724651905
0.0,0.0,"[0, 1, 0]",0.0,0.084,"[1, 0, 0]",0.006704691012481927,0.0031332587143032965
0.0,0.026,"[0, 0, 1]",0.0,0.072,"[1, 0, 0]",0.006688761065712885,0.003130086585525067
0.0,0.092,"[1, 0, 0]",0.0,0.044,"[0, 0, 1]",0.0066074091373218655,0.0030822913918849173
0.0,0.0,"[0, 1, 0]",0.0,0.118,"[0, 0, 1]",0.006691824470269885,0.0031330222303782183
0.0,0.062,"[1, 0, 0]",0.0,0.052,"[0, 0, 1]",0.006588352699868093,0.003099939724082809
0.0,0.106,"[1, 0, 0]",0.0,0.0,"[0, 1, 0]",0.0065308767135196216,0.0030475363470990045
0.0,0.0,"[0, 1, 0]",0.0,0.0,"[0, 1, 0]",0.00667171427113755,0.0031304208123128802
0.0,0.108,"[1, 0, 0]",0.0,0.0,"[0, 1, 0]",0.006684245330461344,0.003119387341543376
0.0,0.016,"[1, 0, 0]",0.0,0.054,"[0, 0, 1]",0.006703923764868082,0.003133429254589861
0.0,0.054,"[1, 0, 0]",0.0,0.034,"[1, 0, 0]",0.006605023469419035,0.0031160532719483693
0.0,0.0,"[0, 1, 0]",0.0,0.058,"[0, 0, 1]",0.006703588436067121,0.0031331541397367204
0.0,0.066,"[0, 0, 1]",0.0,0.034,"[1, 0, 0]",0.0067028898349320775,0.003133114080509736
0.0,0.0,"[0, 1, 0]",0.0,0.018,"[0, 0, 1]",0.0066792522958691114,0.003131875995568708
0.0,0.06,"[1, 0, 0]",0.0,0.016,"[0, 0, 1]",0.006650885646379352,0.0031172339120974016
0.0,0.0,"[0, 1, 0]",0.0,0.016,"[1, 0, 0]",0.006703575630819349,0.0031332468149574467
0.0,0.104,"[0, 0, 1]",0.0,0.068,"[1, 0, 0]",0.006626115572125052,0.0031222743103292683
0.0,0.0,"[0, 1, 0]",0.0,0.0,"[0, 1, 0]",0.006631963742728068,0.003123264188894638
0.0,0.0,"[0, 1, 0]",0.0,0.0,"[0, 1, 0]",0.0067036204504355105,0.0031332659575130013
0.0,0.052,"[1, 0, 0]",0.0,0.0,"[0, 1, 0]",0.0066422998492410654,0.003116144635644755
0.0,0.084,"[1, 0, 0]",0.0,0.0,"[0, 1, 0]",0.0066943355652957824,0.0031308014393535586
0.0,0.094,"[0, 0, 1]",0.0,0.054,"[0, 0, 1]",0.006626465306374002,0.003117005505818579
0.0,0.066,"[1, 0, 0]",0.0,0.0,"[0, 1, 0]",0.006674715604220938,0.0031254334948259462
0.0,0.018,"[0, 0, 1]",0.0,0.054,"[1, 0, 0]",0.006705427943712622,0.003133281255623349
0.0,0.0,"[0, 1, 0]",0.0,0.0,"[0, 1, 0]",0.006705595624458539,0.0031332708745640835
0.0,0.038,"[0, 0, 1]",0.0,0.072,"[0, 0, 1]",0.006694414774404272,0.003132798975069734
0.0,0.038,"[1, 0, 0]",0.0,0.0,"[0, 1, 0]",0.0066605147260940896,0.003129589444636068
0.0,0.0,"[0, 1, 0]",0.0,0.084,"[1, 0, 0]",0.006651605501616528,0.003128299852384222
0.0,0.084,"[1, 0, 0]",0.0,0.042,"[1, 0, 0]",0.006687318029420935,0.003123316110977168
0.0,0.0,"[0, 1, 0]",0.0,0.026,"[1, 0, 0]",0.006638891925517739,0.003124729803486494
0.0,0.096,"[1, 0, 0]",0.0,0.044,"[0, 0, 1]",0.006541217839534941,0.003059316602682264
0.0,0.07,"[0, 0, 1]",0.0,0.064,"[0, 0, 1]",0.006675422117471622,0.003131111980026113
0.0,0.03,"[0, 0, 1]",0.0,0.056,"[1, 0, 0]",0.006689453981304732,0.003131463749440069
0.0,0.096,"[1, 0, 0]",0.0,0.014,"[0, 0, 1]",0.006623497626194529,0.003103964061457421
0.0,0.03,"[0, 0, 1]",0.0,0.064,"[0, 0, 1]",0.006704633040795885,0.003133409282388386
0.0,0.0,"[0, 1, 0]",0.0,0.106,"[0, 0, 1]",0.006704255017096897,0.0031330889870408627
0.0,0.0,"[0, 1, 0]",0.0,0.12,"[1, 0, 0]",0.0066328383836588315,0.0031227986955704623
0.0,0.098,"[0, 0, 1]",0.0,0.122,"[1, 0, 0]",0.006699222164420157,0.0031331141359175864
0.0,0.082,"[0, 0, 1]",0.0,0.0,"[0, 1, 0]",0.006663402780924553,0.003129056975764423
0.0,0.064,"[0, 0, 1]",0.0,0.0,"[0, 1, 0]",0.00665839684871962,0.0031278562252171523
0.0,0.124,"[1, 0, 0]",0.0,0.1,"[1, 0, 0]",0.006692261088147611,0.003129102912211071
0.0,0.068,"[1, 0, 0]",0.0,0.0,"[0, 1, 0]",0.006689915954083454,0.003126808646420155
0.0,0.0,"[0, 1, 0]",0.0,0.086,"[1, 0, 0]",0.006705106279460232,0.003133208477416411
0.0,0.06,"[1, 0, 0]",0.0,0.02,"[0, 0, 1]",0.006594147839122741,0.003100085898861916
0.0,0.084,"[1, 0, 0]",0.0,0.0,"[0, 1, 0]",0.006551999804682736,0.0030706783184360573
0.0,0.05,"[1, 0, 0]",0.0,0.068,"[0, 0, 1]",0.00669868411630307,0.0031321450001888197
0.0,0.03,"[0, 0, 1]",0.0,0.03,"[0, 0, 1]",0.006703489996313747,0.0031333091228710197
0.0,0.038,"[0, 0, 1]",0.0,0.0,"[0, 1, 0]",0.0066987909303230465,0.003133121162173403
0.0,0.106,"[0, 0, 1]",0.0,0.016,"[0, 0, 1]",0.006609649206801364,0.0031163133837257212
0.0,0.088,"[0, 0, 1]",0.0,0.024,"[1, 0, 0]",0.006656914620631873,0.003126484417621104
0.0,0.0,"[0, 1, 0]",0.0,0.0,"[0, 1, 0]",0.006686976080499361,0.00313267399105898
0.0,0.088,"[1, 0, 0]",0.0,0.032,"[1, 0, 0]",0.006551453839722628,0.0030651011868767547
0.0,0.02,"[0, 0, 1]",0.0,0.0,"[0, 1, 0]",0.006697462083886681,0.0031316160850409364
0.0,0.0,"[0, 1, 0]",0.0,0.0,"[0, 1, 0]",0.0066909796102975995,0.0031328330292240067
0.0,0.016,"[1, 0, 0]",0.0,0.0,"[0, 1, 0]",0.006698469442855823,0.003133191615546418
0.0,0.0,"[0, 1, 0]",0.0,0.07,"[1, 0, 0]",0.00670293149712746,0.0031333449042017488
0.0,0.1,"[0, 0, 1]",0.0,0.024,"[0, 0, 1]",0.006679362980336104,0.00313284252425135
0.0,0.092,"[1, 0, 0]",0.0,0.07,"[0, 0, 1]",0.0066941366997315295,0.0031305536551235447
0.0,0.0,"[0, 1, 0]",0.0,0.0,"[0, 1, 0]",0.006696254668110239,0.003133198928996736
0.0,0.016,"[1, 0, 0]",0.0,0.106,"[1, 0, 0]",0.006693214454058123,0.0031333755781435984
0.0,0.114,"[1, 0, 0]",0.0,0.024,"[0, 0, 1]",0.006692371448435232,0.003122087397476748
0.0,0.0,"[0, 1, 0]",0.0,0.042,"[1, 0, 0]",0.006653301724669404,0.003127469003133188
0.0,0.084,"[1, 0, 0]",0.0,0.0,"[0, 1, 0]",0.006607921467455348,0.0030915643437196506
0.0,0.102,"[1, 0, 0]",0.0,0.0,"[0, 1, 0]",0.006693786615365794,0.003130051529985809
0.0,0.094,"[0, 0, 1]",0.0,0.116,"[1, 0, 0]",0.006656786812640043,0.0031258295238695217
0.0,0.122,"[1, 0, 0]",0.0,0.012,"[0, 0, 1]",0.006509433319980551,0.003024377174483409
0.0,0.054,"[0, 0, 1]",0.0,0.042,"[0, 0, 1]",0.0067040792170848,0.0031332097043206344
0.0,0.08,"[1, 0, 0]",0.0,0.104,"[1, 0, 0]",0.006516812425249582,0.003070797653116402
0.0,0.086,"[1, 0, 0]",0.0,0.02,"[1, 0, 0]",0.006607695557243395,0.003100496243706235
0.0,0.06,"[1, 0, 0]",0.0,0.0,"[0, 1, 0]",0.006679557920608795,0.0031264321838257673
0.0,0.038,"[0, 0, 1]",0.0,0.082,"[1, 0, 0]",0.006705046994734996,0.0031332188064914003
0.0,0.048,"[1, 0, 0]",0.0,0.0,"[0, 1, 0]",0.0066474945174059795,0.003121941950792061
0.0,0.05,"[1, 0, 0]",0.0,0.09,"[0, 0, 1]",0.006660205155706384,0.003122335743448305
0.0,0.0,"[0, 1, 0]",0.0,0.12,"[1, 0, 0]",0.006704000262750533,0.003133241123882503
0.0,0.054,"[1, 0, 0]",0.0,0.0,"[0, 1, 0]",0.006698018924442413,0.0031317682239967405
0.0,0.034,"[0, 0, 1]",0.0,0.048,"[0, 0, 1]",0.006688936605967332,0.003130848222990497
0.0,0.058,"[1, 0, 0]",0.0,0.0,"[0, 1, 0]",0.006679254620172836,0.0031265075657885785
0.0,0.056,"[1, 0, 0]",0.0,0.108,"[1, 0, 0]",0.006635948171147956,0.0031144269475212303
0.0,0.1,"[0, 0, 1]",0.0,0.052,"[0, 0, 1]",0.006699007312082343,0.0031333089418939487
0.0,0.104,"[0, 0, 1]",0.0,0.082,"[1, 0, 0]",0.0067048390933727425,0.0031332050586245336
0.0,0.036,"[0, 0, 1]",0.0,0.05,"[1, 0, 0]",0.0066897894638358385,0.0031315553430905645
0.0,0.026,"[0, 0, 1]",0.0,0.108,"[1, 0, 0]",0.006686413386769347,0.003128984533466988
0.0,0.018,"[1, 0, 0]",0.0,0.0,"[0, 1, 0]",0.006698174512548783,0.003133325148158179
0.0,0.076,"[0, 0, 1]",0.0,0.014,"[0, 0, 1]",0.006677760193023704,0.0031310483408090763
0.0,0.0,"[0, 1, 0]",0.0,0.03,"[1, 0, 0]",0.006659358163487154,0.003128725785027968
0.0,0.0,"[0, 1, 0]",0.0,0.04,"[0, 0, 1]",0.0066930418302481795,0.003133177823997297
0.0,0.02,"[0, 0, 1]",0.0,0.0,"[0, 1, 0]",0.0066977405136945,0.003131792946082746
0.0,0.108,"[0, 0, 1]",0.0,0.1,"[0, 0, 1]",0.006664404899316301,0.003131971362619453
0.0,0.0,"[0, 1, 0]",0.0,0.108,"[1, 0, 0]",0.006701311350307055,0.003133111710088597
0.0,0.11,"[1, 0, 0]",0.0,0.0,"[0, 1, 0]",0.006595026142343372,0.0030653493097609306
0.0,0.054,"[1, 0, 0]",0.0,0.05,"[1, 0, 0]",0.0066982691012223644,0.0031321874350559546
0.0,0.094,"[0, 0, 1]",0.0,0.062,"[0, 0, 1]",0.006645007557932434,0.003124846988961537
0.0,0.054,"[1, 0, 0]",0.0,0.046,"[1, 0, 0]",0.006697963430918754,0.003130389815841809
0.0,0.116,"[0, 0, 1]",0.0,0.0,"[0, 1, 0]",0.0066888717442210545,0.003133262672945945
0.0,0.014,"[0, 0, 1]",0.0,0.0,"[0, 1, 0]",0.0067044410695189655,0.003133148677054414
0.0,0.106,"[0, 0, 1]",0.0,0.012,"[1, 0, 0]",0.006649350007555839,0.0031280907088670124
0.0,0.108,"[1, 0, 0]",0.0,0.03,"[0, 0, 1]",0.00670111448136182,0.0031296297059358732
0.0,0.046,"[1, 0, 0]",0.0,0.072,"[0, 0, 1]",0.006699022280659226,0.003130936086697282
0.0,0.02,"[1, 0, 0]",0.0,0.076,"[1, 0, 0]",0.006690521108441975,0.003133246404561558
0.0,0.028,"[0, 0, 1]",0.0,0.09,"[0, 0, 1]",0.006681745670560135,0.0031306063334614162
0.0,0.0,"[0, 1, 0]",0.0,0.0,"[0, 1, 0]",0.0066988814726843685,0.0031333504436530666
0.0,0.058,"[1, 0, 0]",0.0,0.0,"[0, 1, 0]",0.0066508675980177295,0.003120005942650918
0.0,0.02,"[0, 0, 1]",0.0,0.088,"[1, 0, 0]",0.006701888418816511,0.0031329390858231268
0.0,0.0,"[0, 1, 0]",0.0,0.042,"[0, 0, 1]",0.00670185013040054,0.0031333005767577035
0.0,0.096,"[0, 0, 1]",0.0,0.062,"[1, 0, 0]",0.0066795047769409345,0.003132701649476777
0.0,0.054,"[0, 0, 1]",0.0,0.058,"[0, 0, 1]",0.0066715666843105365,0.003128944318370465
0.0,0.0,"[0, 1, 0]",0.0,0.124,"[1, 0, 0]",0.006680044598932742,0.003132091077205419
0.0,0.1,"[0, 0, 1]",0.0,0.054,"[1, 0, 0]",0.006649531424934152,0.003128032613348868
0.0,0.066,"[0, 0, 1]",0.0,0.04,"[1, 0, 0]",0.006678242400496792,0.003131501164121481
0.0,0.0,"[0, 1, 0]",0.0,0.0,"[0, 1, 0]",0.006696224527374443,0.003133323940984568
0.0,0.038,"[0, 0, 1]",0.0,0.0,"[0, 1, 0]",0.00669390468440886,0.0031325231288482904
0.0,0.116,"[0, 0, 1]",0.0,0.0,"[0, 1, 0]",0.006701063524905744,0.003133245490151795
0.0,0.04,"[0, 0, 1]",0.0,0.0,"[0, 1, 0]",0.006685122914639946,0.0031294967037364826
0.0,0.0,"[0, 1, 0]",0.0,0.0,"[0, 1, 0]",0.006623502331461303,0.0031206399413409337
0.0,0.1,"[1, 0, 0]",0.0,0.0,"[0, 1, 0]",0.006685956917702819,0.0031207864733931467
0.0,0.0,"[0, 1, 0]",0.0,0.0,"[0, 1, 0]",0.006699493264133006,0.0031332809017668747
0.0,0.052,"[1, 0, 0]",0.0,0.0,"[0, 1, 0]",0.006642264020642594,0.0031191017924405984
0.0,0.02,"[1, 0, 0]",0.0,0.074,"[1, 0, 0]",0.006690331110706589,0.003133229093302241
0.0,0.066,"[0, 0, 1]",0.0,0.074,"[0, 0, 1]",0.006705226949866766,0.0031333599734455053
0.0,0.12,"[1, 0, 0]",0.0,0.0,"[0, 1, 0]",0.006683678475319961,0.0031174537128317247
0.0,0.08,"[0, 0, 1]",0.0,0.046,"[1, 0, 0]",0.006610711917291497,0.00311551832974747
0.0,0.088,"[0, 0, 1]",0.0,0.0,"[0, 1, 0]",0.006666432271820804,0.00313058222050558
0.0,0.0,"[0, 1, 0]",0.0,0.072,"[1, 0, 0]",0.006691012786259372,0.0031331950217296923
0.0,0.112,"[1, 0, 0]",0.0,0.044,"[1, 0, 0]",0.006643169930554724,0.0030951575567491852
0.0,0.084,"[1, 0, 0]",0.0,0.062,"[1, 0, 0]",0.006701619613871654,0.0031305937934276067
0.0,0.098,"[0, 0, 1]",0.0,0.0,"[0, 1, 0]",0.0066962551947450846,0.0031332109356020502
0.0,0.06,"[0, 0, 1]",0.0,0.018,"[1, 0, 0]",0.006661461290039427,0.00312279368728648
0.0,0.074,"[1, 0, 0]",0.0,0.0,"[0, 1, 0]",0.006702090752254425,0.00313127994033283
0.0,0.09,"[0, 0, 1]",0.0,0.05,"[1, 0, 0]",0.006704996830213767,0.003133268943444329
0.0,0.048,"[1, 0, 0]",0.0,0.0,"[0, 1, 0]",0.006699700500596242,0.0031321278988190033
0.0,0.114,"[1, 0, 0]",0.0,0.0,"[0, 1, 0]",0.006691785584811093,0.0031221621645388725
0.0,0.0,"[0, 1, 0]",0.0,0.104,"[0, 0, 1]",0.006690877895927481,0.003133071784408059
0.0,0.054,"[0, 0, 1]",0.0,0.0,"[0, 1, 0]",0.006702451861104235,0.003133227102605136
0.0,0.0,"[0, 1, 0]",0.0,0.0,"[0, 1, 0]",0.006703975352416843,0.0031333574585112474
0.0,0.12,"[0, 0, 1]",0.0,0.0,"[0, 1, 0]",0.006674552708314453,0.0031325103492393642
0.0,0.082,"[1, 0, 0]",0.0,0.052,"[0, 0, 1]",0.0066142718244436224,0.0030988730126373857
0.0,0.0,"[0, 1, 0]",0.0,0.0,"[0, 1, 0]",0.006687294994421084,0.00313302771149943
0.0,0.082,"[0, 0, 1]",0.0,0.01,"[1, 0, 0]",0.006635578816545032,0.0031232837517130656
0.0,0.0,"[0, 1, 0]",0.0,0.072,"[0, 0, 1]",0.00670312648013115,0.0031332107197178877
0.0,0.088,"[0, 0, 1]",0.0,0.0,"[0, 1, 0]",0.00666340866978725,0.003129164823765925
0.0,0.0,"[0, 1, 0]",0.0,0.108,"[0, 0, 1]",0.006675849525676936,0.003131266217935909
0.0,0.0,"[0, 1, 0]",0.0,0.0,"[0, 1, 0]",0.006658516093768625,0.003128939136681193
0.0,0.068,"[1, 0, 0]",0.0,0.018,"[1, 0, 0]",0.006674476021127729,0.0031237419176489713
0.0,0.11,"[0, 0, 1]",0.0,0.044,"[1, 0, 0]",0.0066263645951911785,0.003120887098479409
0.0,0.032,"[1, 0, 0]",0.0,0.088,"[0, 0, 1]",0.006675452652851572,0.003132178842267596
0.0,0.102,"[1, 0, 0]",0.0,0.062,"[1, 0, 0]",0.0066660278366592295,0.003120209540711259
0.0,0.098,"[0, 0, 1]",0.0,0.022,"[0, 0, 1]",0.006679371117664544,0.0031325996539655755
0.0,0.076,"[0, 0, 1]",0.0,0.044,"[0, 0, 1]",0.006702881906110986,0.003133122023325296
0.0,0.106,"[1, 0, 0]",0.0,0.0,"[0, 1, 0]",0.006692678264535566,0.003129850581632818
0.0,0.028,"[0, 0, 1]",0.0,0.0,"[0, 1, 0]",0.006689753387227105,0.003132162679685641
0.0,0.082,"[1, 0, 0]",0.0,0.074,"[1, 0, 0]",0.00651616613922204,0.003070928056198676
0.0,0.068,"[0, 0, 1]",0.0,0.022,"[1, 0, 0]",0.006668128585476593,0.003127890204525565
0.0,0.02,"[1, 0, 0]",0.0,0.088,"[1, 0, 0]",0.0066907069347891006,0.003133147970124196
0.0,0.022,"[1, 0, 0]",0.0,0.07,"[0, 0, 1]",0.006649867203397422,0.0031333135559710287
0.0,0.116,"[0, 0, 1]",0.0,0.086,"[1, 0, 0]",0.006606064790234002,0.0031189717418440783
0.0,0.0,"[0, 1, 0]",0.0,0.058,"[1, 0, 0]",0.006704834810669567,0.003133257734224226
0.0,0.066,"[1, 0, 0]",0.0,0.026,"[0, 0, 1]",0.006624887649560579,0.003108989756098853
0.0,0.052,"[1, 0, 0]",0.0,0.0,"[0, 1, 0]",0.006671617803278053,0.0031239651288058013
0.0,0.016,"[0, 0, 1]",0.0,0.0,"[0, 1, 0]",0.006706028887214525,0.003133338353766888
0.0,0.092,"[1, 0, 0]",0.0,0.0,"[0, 1, 0]",0.006551998314959799,0.003065080630692717
0.0,0.0,"[0, 1, 0]",0.0,0.0,"[0, 1, 0]",0.006671770389372614,0.003130722723581019
0.0,0.07,"[1, 0, 0]",0.0,0.03,"[1, 0, 0]",0.0066615514764855645,0.003115098301673805
0.0,0.052,"[1, 0, 0]",0.0,0.0,"[0, 1, 0]",0.00660469746754551,0.003116021048486232
0.0,0.024,"[0, 0, 1]",0.0,0.0,"[0, 1, 0]",0.00670508372720769,0.003133350507982336
0.0,0.0,"[0, 1, 0]",0.0,0.012,"[0, 0, 1]",0.0066960126956440635,0.003133427944585191
0.0,0.04,"[0, 0, 1]",0.0,0.118,"[1, 0, 0]",0.006704822262739125,0.0031330852062863165
0.0,0.096,"[1, 0, 0]",0.0,0.028,"[1, 0, 0]",0.0064888306041895535,0.0030518589674596013
0.0,0.0,"[0, 1, 0]",0.0,0.118,"[0, 0, 1]",0.006699194841799924,0.003133338451597063
0.0,0.0,"[0, 1, 0]",0.0,0.12,"[1, 0, 0]",0.006701080600916393,0.003133244303177653
0.0,0.0,"[0, 1, 0]",0.0,0.084,"[0, 0, 1]",0.006632315292262709,0.0031231450195078106
0.0,0.044,"[0, 0, 1]",0.0,0.072,"[0, 0, 1]",0.006703653330037941,0.003133306483081104
0.0,0.0,"[0, 1, 0]",0.0,0.0,"[0, 1, 0]",0.006639338832680332,0.003124749735164009
0.0,0.052,"[1, 0, 0]",0.0,0.0,"[0, 1, 0]",0.00664216622848018,0.00311584841559181
0.0,0.0,"[0, 1, 0]",0.0,0.052,"[1, 0, 0]",0.0066931283697039675,0.003133149335841891
0.0,0.0,"[0, 1, 0]",0.0,0.096,"[0, 0, 1]",0.006702615463097297,0.003133470436569492
0.0,0.046,"[1, 0, 0]",0.0,0.0,"[0, 1, 0]",0.006683971619634244,0.003128604881125777
0.0,0.0,"[0, 1, 0]",0.0,0.062,"[0, 0, 1]",0.00669941272651295,0.0031332982719967377
0.0,0.07,"[0, 0, 1]",0.0,0.0,"[0, 1, 0]",0.0066432707085825535,0.003121686209500625
0.0,0.0,"[0, 1, 0]",0.0,0.124,"[1, 0, 0]",0.0066753420675980035,0.003131454410176337
0.0,0.0,"[0, 1, 0]",0.0,0.06,"[0, 0, 1]",0.0066401118032254425,0.003124261014374934
0.0,0.04,"[1, 0, 0]",0.0,0.0,"[0, 1, 0]",0.00669747107706572,0.003131046685181005
0.0,0.022,"[0, 0, 1]",0.0,0.042,"[1, 0, 0]",0.006704554123729603,0.0031333727129419296
0.0,0.0,"[0, 1, 0]",0.0,0.0,"[0, 1, 0]",0.006686423814304794,0.003132628351633649
0.0,0.0,"[0, 1, 0]",0.0,0.11,"[1, 0, 0]",0.006703498562788121,0.0031333600557596013
0.0,0.068,"[0, 0, 1]",0.0,0.102,"[1, 0, 0]",0.0066385503562251275,0.0031196182801316763
0.0,0.0,"[0, 1, 0]",0.0,0.098,"[1, 0, 0]",0.006691672846661303,0.003132919835540589
0.0,0.0,"[0, 1, 0]",0.0,0.0,"[0, 1, 0]",0.006686880033790562,0.0031324865226501296
0.0,0.0,"[0, 1, 0]",0.0,0.026,"[1, 0, 0]",0.006693785975009411,0.003133306161141801
0.0,0.0,"[0, 1, 0]",0.0,0.0,"[0, 1, 0]",0.006671988564051034,0.003130774965723302
0.0,0.052,"[0, 0, 1]",0.0,0.076,"[0, 0, 1]",0.006703325820808235,0.0031331053764182978
0.0,0.112,"[0, 0, 1]",0.0,0.0,"[0, 1, 0]",0.00666229617458723,0.0031304669658363373
0.0,0.074,"[0, 0, 1]",0.0,0.124,"[1, 0, 0]",0.006647485358644272,0.00312111098208945
0.0,0.0,"[0, 1, 0]",0.0,0.058,"[1, 0, 0]",0.006638129301240636,0.003124709590859594
0.0,0.108,"[0, 0, 1]",0.0,0.084,"[0, 0, 1]",0.006665233026559303,0.0031320273626713824
0.0,0.0,"[0, 1, 0]",0.0,0.026,"[1, 0, 0]",0.006704797061045379,0.0031332863678712203
0.0,0.01,"[1, 0, 0]",0.0,0.0,"[0, 1, 0]",0.006699524362177691,0.0031334172691373217
0.0,0.1,"[1, 0, 0]",0.0,0.11,"[1, 0, 0]",0.006666194255512682,0.0031105451151867865
0.0,0.032,"[0, 0, 1]",0.0,0.09,"[1, 0, 0]",0.0067018961504354685,0.0031331988566939205
0.0,0.086,"[0, 0, 1]",0.0,0.0,"[0, 1, 0]",0.0066349427977342645,0.003122350003386845
0.0,0.044,"[1, 0, 0]",0.0,0.118,"[0, 0, 1]",0.006653665438253835,0.0031258124894890816
0.0,0.05,"[1, 0, 0]",0.0,0.028,"[1, 0, 0]",0.006612185971984979,0.0031114523095377394
0.0,0.0,"[0, 1, 0]",0.0,0.076,"[0, 0, 1]",0.0066757641619973745,0.0031310744256763967
0.0,0.064,"[1, 0, 0]",0.0,0.0,"[0, 1, 0]",0.006630811416872047,0.0031089775411782205
0.0,0.12,"[0, 0, 1]",0.0,0.014,"[1, 0, 0]",0.006700653573267722,0.003133244989758668
0.0,0.118,"[0, 0, 1]",0.0,0.118,"[1, 0, 0]",0.006646079298931046,0.003127624261854366
0.0,0.0,"[0, 1, 0]",0.0,0.12,"[1, 0, 0]",0.006703189282484083,0.0031332279314519327
0.0,0.026,"[0, 0, 1]",0.0,0.016,"[0, 0, 1]",0.006691824479282819,0.003131374106969269
0.0,0.0,"[0, 1, 0]",0.0,0.114,"[1, 0, 0]",0.006703567567411986,0.003133275656715633
0.0,0.0,"[0, 1, 0]",0.0,0.0,"[0, 1, 0]",0.006704936639613994,0.0031332730552085498
0.0,0.108,"[1, 0, 0]",0.0,0.046,"[0, 0, 1]",0.0066848295823688925,0.0031191949743697178
0.0,0.0,"[0, 1, 0]",0.0,0.0,"[0, 1, 0]",0.0066934422408866465,0.003133241138082356
0.0,0.04,"[0, 0, 1]",0.0,0.092,"[1, 0, 0]",0.0066786278133553045,0.003126345752636305
0.0,0.014,"[1, 0, 0]",0.0,0.0,"[0, 1, 0]",0.006700392054808305,0.003133571392375641
0.0,0.088,"[1, 0, 0]",0.0,0.034,"[1, 0, 0]",0.006653773448134939,0.003109616171399068
0.0,0.0,"[0, 1, 0]",0.0,0.0,"[0, 1, 0]",0.006699452052650943,0.003133263642440756
0.0,0.08,"[0, 0, 1]",0.0,0.104,"[1, 0, 0]",0.006669723780707046,0.003131217655928834
0.0,0.022,"[0, 0, 1]",0.0,0.0,"[0, 1, 0]",0.006702534540370861,0.0031329322287223576
0.0,0.0,"[0, 1, 0]",0.0,0.084,"[0, 0, 1]",0.006654456991704475,0.0031271976760086865
0.0,0.0,"[0, 1, 0]",0.0,0.106,"[0, 0, 1]",0.006680759576328587,0.0031319594057446468
0.0,0.052,"[1, 0, 0]",0.0,0.072,"[1, 0, 0]",0.006672433739648249,0.0031249366885259798
0.0,0.0,"[0, 1, 0]",0.0,0.0,"[0, 1, 0]",0.006697889890566488,0.003133214092030477
0.0,0.044,"[1, 0, 0]",0.0,0.0,"[0, 1, 0]",0.006597015883547195,0.0031207672958419664
0.0,0.114,"[0, 0, 1]",0.0,0.114,"[1, 0, 0]",0.006671960890406271,0.0031322916086089173
0.0,0.094,"[1, 0, 0]",0.0,0.064,"[0, 0, 1]",0.006693661163364146,0.003128972180194156
0.0,0.0,"[0, 1, 0]",0.0,0.054,"[0, 0, 1]",0.006684352183192206,0.0031321921433023515
0.0,0.07,"[1, 0, 0]",0.0,0.12,"[1, 0, 0]",0.006673100958811543,0.003125955827573616
0.0,0.086,"[0, 0, 1]",0.0,0.102,"[0, 0, 1]",0.006663568830175239,0.0031290349927456645
0.0,0.108,"[1, 0, 0]",0.0,0.0,"[0, 1, 0]",0.006529779453885286,0.0030418298894580613
0.0,0.0,"[0, 1, 0]",0.0,0.064,"[1, 0, 0]",0.006703580841403039,0.003133127752349605
0.0,0.068,"[0, 0, 1]",0.0,0.072,"[1, 0, 0]",0.006703290687902879,0.003133186200139877
0.0,0.044,"[0, 0, 1]",0.0,0.03,"[1, 0, 0]",0.006703174535950457,0.003133107754938645
0.0,0.074,"[1, 0, 0]",0.0,0.076,"[0, 0, 1]",0.006564085804606378,0.003077350961755425
0.0,0.108,"[0, 0, 1]",0.0,0.098,"[1, 0, 0]",0.006654769134188475,0.0031284802125426986
0.0,0.036,"[1, 0, 0]",0.0,0.044,"[0, 0, 1]",0.0067006377381844204,0.0031328779102197638
0.0,0.046,"[1, 0, 0]",0.0,0.084,"[0, 0, 1]",0.006647514036246058,0.0031204257667698273
0.0,0.022,"[1, 0, 0]",0.0,0.0,"[0, 1, 0]",0.006702520298839422,0.003133247571791433
0.0,0.084,"[1, 0, 0]",0.0,0.088,"[0, 0, 1]",0.006550943827360021,0.003070801964881988
0.0,0.0,"[0, 1, 0]",0.0,0.0,"[0, 1, 0]",0.006701030110619085,0.003133055158508559
0.0,0.078,"[0, 0, 1]",0.0,0.0,"[0, 1, 0]",0.006701255933498623,0.0031333496229305076
0.0,0.06,"[1, 0, 0]",0.0,0.056,"[1, 0, 0]",0.006593967030840749,0.003107666684976693
0.0,0.116,"[1, 0, 0]",0.0,0.0,"[0, 1, 0]",0.006588843815484503,0.0030827755787827373
0.0,0.0,"[0, 1, 0]",0.0,0.0,"[0, 1, 0]",0.006667800783855626,0.003129918376967473
0.0,0.05,"[0, 0, 1]",0.0,0.0,"[0, 1, 0]",0.006704072942787955,0.0031333202483760304
0.0,0.0,"[0, 1, 0]",0.0,0.0,"[0, 1, 0]",0.006699538202276453,0.0031333618450977195
0.0,0.058,"[0, 0, 1]",0.0,0.094,"[1, 0, 0]",0.006683749157939183,0.003131306848584245
0.0,0.014,"[1, 0, 0]",0.0,0.076,"[1, 0, 0]",0.0067007949423780145,0.0031332945628627586
0.0,0.018,"[1, 0, 0]",0.0,0.054,"[1, 0, 0]",0.0066862610700483115,0.003133170315974865
0.0,0.0,"[0, 1, 0]",0.0,0.0,"[0, 1, 0]",0.0066965548048146745,0.003133275386054353
0.0,0.0,"[0, 1, 0]",0.0,0.012,"[0, 0, 1]",0.006702686891351519,0.0031332459790656816
0.0,0.0,"[0, 1, 0]",0.0,0.0,"[0, 1, 0]",0.0066465984533715244,0.0031259561837671626
0.0,0.0,"[0, 1, 0]",0.0,0.112,"[1, 0, 0]",0.0066872314339350425,0.00313252242870475
0.0,0.116,"[1, 0, 0]",0.0,0.118,"[1, 0, 0]",0.00666066993687421,0.0031182272516665464
0.0,0.0,"[0, 1, 0]",0.0,0.098,"[1, 0, 0]",0.006687690695752675,0.0031327014704633305
0.0,0.048,"[1, 0, 0]",0.0,0.09,"[1, 0, 0]",0.006612726102104803,0.003117169197684039
0.0,0.056,"[0, 0, 1]",0.0,0.0,"[0, 1, 0]",0.006652228341679482,0.003120051967513168
0.0,0.036,"[0, 0, 1]",0.0,0.0,"[0, 1, 0]",0.006689788099100457,0.003131506079396123
0.0,0.02,"[1, 0, 0]",0.0,0.02,"[0, 0, 1]",0.006673685458610242,0.0031333268946370763
0.0,0.022,"[1, 0, 0]",0.0,0.114,"[0, 0, 1]",0.006692033114261412,0.0031332233947093022
0.0,0.0,"[0, 1, 0]",0.0,0.0,"[0, 1, 0]",0.006699088654993654,0.0031331563475090235
0.0,0.022,"[1, 0, 0]",0.0,0.056,"[1, 0, 0]",0.006702917582093952,0.0031332657297301115
0.0,0.036,"[1, 0, 0]",0.0,0.0,"[0, 1, 0]",0.006700328960789506,0.003132362970330233
0.0,0.032,"[0, 0, 1]",0.0,0.032,"[1, 0, 0]",0.0067027512769463156,0.003133259760047506
0.0,0.022,"[0, 0, 1]",0.0,0.038,"[0, 0, 1]",0.006704042696176558,0.003133281047170823
0.0,0.0,"[0, 1, 0]",0.0,0.024,"[0, 0, 1]",0.006659724049691888,0.003128689979202964
0.0,0.0,"[0, 1, 0]",0.0,0.09,"[1, 0, 0]",0.006671722831944369,0.003130899166639466
0.0,0.076,"[1, 0, 0]",0.0,0.088,"[1, 0, 0]",0.006616328493084186,0.003099050344246
0.0,0.094,"[1, 0, 0]",0.0,0.0,"[0, 1, 0]",0.006650265444830559,0.003107750936944609
0.0,0.0,"[0, 1, 0]",0.0,0.0,"[0, 1, 0]",0.006646848404529218,0.0031262793869487058
0.0,0.0,"[0, 1, 0]",0.0,0.04,"[0, 0, 1]",0.006633241814723128,0.003122546425850753
0.0,0.12,"[0, 0, 1]",0.0,0.0,"[0, 1, 0]",0.0066198048440646,0.0031235933759678675
0.0,0.124,"[1, 0, 0]",0.0,0.11,"[1, 0, 0]",0.006700415903716405,0.0031289891995702657
0.0,0.03,"[0, 0, 1]",0.0,0.0,"[0, 1, 0]",0.006697547817043085,0.003133188731360118
0.0,0.0,"[0, 1, 0]",0.0,0.064,"[1, 0, 0]",0.006705230925681542,0.0031332979115907328
0.0,0.0,"[0, 1, 0]",0.0,0.066,"[0, 0, 1]",0.006652997269844272,0.0031276487777262053
0.0,0.092,"[0, 0, 1]",0.0,0.084,"[0, 0, 1]",0.006683955469977907,0.003132599911497089
0.0,0.0,"[0, 1, 0]",0.0,0.0,"[0, 1, 0]",0.006680511902409818,0.003131900362009732
0.0,0.0,"[0, 1, 0]",0.0,0.058,"[0, 0, 1]",0.006633158426516564,0.0031228216597277017
0.0,0.108,"[1, 0, 0]",0.0,0.024,"[0, 0, 1]",0.0065305845698277725,0.003032859656754131
0.0,0.068,"[1, 0, 0]",0.0,0.0,"[0, 1, 0]",0.006696192214079332,0.0031317339052275807
0.0,0.04,"[1, 0, 0]",0.0,0.016,"[1, 0, 0]",0.006660360435256584,0.003125770553331295
0.0,0.018,"[0, 0, 1]",0.0,0.068,"[1, 0, 0]",0.0067037070399816575,0.0031332157964191194
0.0,0.0,"[0, 1, 0]",0.0,0.014,"[0, 0, 1]",0.006675041531168822,0.003131117873011241
0.0,0.0,"[0, 1, 0]",0.0,0.074,"[0, 0, 1]",0.006672242059995344,0.003130838902036616
0.0,0.056,"[1, 0, 0]",0.0,0.034,"[1, 0, 0]",0.006594121096896589,0.0031026408864128704
0.0,0.0,"[0, 1, 0]",0.0,0.0,"[0, 1, 0]",0.006684740079074834,0.003132195951494218
0.0,0.0,"[0, 1, 0]",0.0,0.08,"[0, 0, 1]",0.006703942822155015,0.0031332207670229013
0.0,0.0,"[0, 1, 0]",0.0,0.088,"[1, 0, 0]",0.006671588679292159,0.003130727795894141
0.0,0.074,"[1, 0, 0]",0.0,0.0,"[0, 1, 0]",0.006635331713371682,0.0031098072159933994
0.0,0.0,"[0, 1, 0]",0.0,0.0,"[0, 1, 0]",0.006667424314140452,0.0031298340471149584
0.0,0.0,"[0, 1, 0]",0.0,0.0,"[0, 1, 0]",0.006703915213308574,0.0031332162178720983
0.0,0.098,"[0, 0, 1]",0.0,0.068,"[1, 0, 0]",0.006701790150081239,0.0031333612224009014
0.0,0.066,"[0, 0, 1]",0.0,0.0,"[0, 1, 0]",0.006647107731656151,0.0031239036054736304
0.0,0.086,"[1, 0, 0]",0.0,0.102,"[0, 0, 1]",0.0065514920326339605,0.003086483738663135
0.0,0.0,"[0, 1, 0]",0.0,0.03,"[1, 0, 0]",0.006703877267415012,0.0031331806630635946
0.0,0.0,"[0, 1, 0]",0.0,0.0,"[0, 1, 0]",0.006624143838906453,0.0031207418855279745
0.0,0.098,"[0, 0, 1]",0.0,0.08,"[1, 0, 0]",0.006698804758343556,0.003133273332246041
0.0,0.034,"[0, 0, 1]",0.0,0.0,"[0, 1, 0]",0.006697810129942895,0.00313306931280815
0.0,0.09,"[0, 0, 1]",0.0,0.104,"[0, 0, 1]",0.0066264161572124535,0.0031187956370800412
0.0,0.022,"[1, 0, 0]",0.0,0.0,"[0, 1, 0]",0.006692315554837972,0.003133201945847386
0.0,0.0,"[0, 1, 0]",0.0,0.0,"[0, 1, 0]",0.006703977937467541,0.003133121161870753
0.0,0.038,"[1, 0, 0]",0.0,0.0,"[0, 1, 0]",0.006688699587549294,0.0031317597012430363
0.0,0.058,"[0, 0, 1]",0.0,0.058,"[1, 0, 0]",0.006679731738087397,0.0031298021295294532
0.0,0.056,"[0, 0, 1]",0.0,0.086,"[0, 0, 1]",0.006657638503363845,0.003121606505140552
0.0,0.064,"[1, 0, 0]",0.0,0.0,"[0, 1, 0]",0.006630879151353034,0.003103303712540273
0.0,0.102,"[0, 0, 1]",0.0,0.072,"[1, 0, 0]",0.0066321438261127035,0.0031247900016325744
0.0,0.0,"[0, 1, 0]",0.0,0.104,"[1, 0, 0]",0.006690967142063335,0.003132991707506809
0.0,0.034,"[0, 0, 1]",0.0,0.084,"[0, 0, 1]",0.006678778452517318,0.003128365770869401
0.0,0.014,"[0, 0, 1]",0.0,0.012,"[1, 0, 0]",0.006704815483236184,0.003133218387500654
0.0,0.0,"[0, 1, 0]",0.0,0.114,"[1, 0, 0]",0.006703130254651404,0.003133285892948515
0.0,0.122,"[0, 0, 1]",0.0,0.0,"[0, 1, 0]",0.006645750599515999,0.0031277602566530264
0.0,0.106,"[1, 0, 0]",0.0,0.04,"[1, 0, 0]",0.00659480614593136,0.0030820683510141907
0.0,0.014,"[1, 0, 0]",0.0,0.06,"[1, 0, 0]",0.0067010864638280656,0.003133322099092124
0.0,0.104,"[1, 0, 0]",0.0,0.124,"[0, 0, 1]",0.006530689459512514,0.003062568766644729
0.0,0.082,"[1, 0, 0]",0.0,0.0,"[0, 1, 0]",0.00656189995766333,0.0030908213591226965
0.0,0.122,"[1, 0, 0]",0.0,0.05,"[0, 0, 1]",0.006509026401345537,0.003024404141955623
0.0,0.034,"[0, 0, 1]",0.0,0.03,"[0, 0, 1]",0.006676020608929207,0.0031271974317562358
0.0,0.09,"[0, 0, 1]",0.0,0.0,"[0, 1, 0]",0.0066942983453259644,0.0031333322901654923
0.0,0.076,"[0, 0, 1]",0.0,0.124,"[0, 0, 1]",0.006702850056827745,0.003133348480078616
0.0,0.05,"[1, 0, 0]",0.0,0.056,"[1, 0, 0]",0.006660477196541435,0.0031224587302717288
0.0,0.054,"[0, 0, 1]",0.0,0.044,"[0, 0, 1]",0.006703625816374722,0.003133181599767357
0.0,0.014,"[1, 0, 0]",0.0,0.044,"[0, 0, 1]",0.006699210721937666,0.0031332307621706693
0.0,0.122,"[1, 0, 0]",0.0,0.082,"[0, 0, 1]",0.006658290287914322,0.0031166349376707237
0.0,0.068,"[1, 0, 0]",0.0,0.054,"[0, 0, 1]",0.006624357137491335,0.003103431740697709
0.0,0.0,"[0, 1, 0]",0.0,0.114,"[1, 0, 0]",0.006703776578714443,0.003133368142368381
0.0,0.0,"[0, 1, 0]",0.0,0.102,"[0, 0, 1]",0.00667955670403245,0.0031319593108657603
0.0,0.02,"[0, 0, 1]",0.0,0.0,"[0, 1, 0]",0.006704969636332996,0.003133275364213233
0.0,0.0,"[0, 1, 0]",0.0,0.016,"[1, 0, 0]",0.00669734419954589,0.003133180895981161
0.0,0.092,"[0, 0, 1]",0.0,0.0,"[0, 1, 0]",0.006656830861585469,0.003125682475675569
0.0,0.0,"[0, 1, 0]",0.0,0.088,"[1, 0, 0]",0.006699140008000814,0.0031335114242004576
0.0,0.074,"[1, 0, 0]",0.0,0.0,"[0, 1, 0]",0.00667134496949227,0.0031251656502290074
0.0,0.038,"[1, 0, 0]",0.0,0.11,"[1, 0, 0]",0.006689165506794968,0.00313187095732968
0.0,0.034,"[1, 0, 0]",0.0,0.0,"[0, 1, 0]",0.006685454314710387,0.003131993742637353
0.0,0.0,"[0, 1, 0]",0.0,0.078,"[0, 0, 1]",0.006702821714400772,0.0031333423577215177
0.0,0.038,"[0, 0, 1]",0.0,0.124,"[1, 0, 0]",0.006703243388192093,0.0031333548849949502
0.0,0.05,"[1, 0, 0]",0.0,0.0,"[0, 1, 0]",0.006698781834536458,0.0031318691544778
0.0,0.114,"[1, 0, 0]",0.0,0.082,"[0, 0, 1]",0.006519412764051161,0.0030610190262194
0.0,0.08,"[1, 0, 0]",0.0,0.0,"[0, 1, 0]",0.006561929322219586,0.0030708451777045074
0.0,0.034,"[0, 0, 1]",0.0,0.094,"[1, 0, 0]",0.00667878448261571,0.003128216355149816
0.0,0.064,"[1, 0, 0]",0.0,0.0,"[0, 1, 0]",0.006696675483566827,0.003128284391771541
0.0,0.028,"[0, 0, 1]",0.0,0.118,"[0, 0, 1]",0.006697647467444566,0.003133098387969059
0.0,0.118,"[0, 0, 1]",0.0,0.074,"[1, 0, 0]",0.006619753792039002,0.003123592122820279
0.0,0.0,"[0, 1, 0]",0.0,0.0,"[0, 1, 0]",0.00664576737957955,0.0031259332062158326
0.0,0.06,"[0, 0, 1]",0.0,0.016,"[1, 0, 0]",0.006663803406743849,0.003124005244796461
0.0,0.0,"[0, 1, 0]",0.0,0.0,"[0, 1, 0]",0.006705157240651774,0.003133371309803689
0.0,0.0,"[0, 1, 0]",0.0,0.0,"[0, 1, 0]",0.006704787569980242,0.0031332767048718674
0.0,0.0,"[0, 1, 0]",0.0,0.1,"[1, 0, 0]",0.006701021718312254,0.003133092148306562
0.0,0.068,"[1, 0, 0]",0.0,0.0,"[0, 1, 0]",0.006696001853516907,0.0031285809719836352
0.0,0.078,"[1, 0, 0]",0.0,0.0,"[0, 1, 0]",0.006563910661433206,0.0030823729425275537
0.0,0.098,"[1, 0, 0]",0.0,0.048,"[1, 0, 0]",0.006541138864111797,0.003073875073224895
0.0,0.092,"[0, 0, 1]",0.0,0.068,"[1, 0, 0]",0.006672228467792895,0.0031320203425055713
0.0,0.08,"[1, 0, 0]",0.0,0.036,"[0, 0, 1]",0.006670418696435603,0.003124249142263041
0.0,0.0,"[0, 1, 0]",0.0,0.07,"[1, 0, 0]",0.006623621036609417,0.003121482406571837
0.0,0.0,"[0, 1, 0]",0.0,0.0,"[0, 1, 0]",0.0066869303457175,0.003132638039269359
0.0,0.09,"[1, 0, 0]",0.0,0.066,"[1, 0, 0]",0.0066284472974153285,0.003101988914924864
0.0,0.0,"[0, 1, 0]",0.0,0.0,"[0, 1, 0]",0.006699106759946472,0.003133346849779552
0.0,0.064,"[0, 0, 1]",0.0,0.048,"[0, 0, 1]",0.006687631866607181,0.003132663254409094
0.0,0.088,"[1, 0, 0]",0.0,0.118,"[1, 0, 0]",0.006694359559274476,0.0031253355630304837
0.0,0.094,"[1, 0, 0]",0.0,0.0,"[0, 1, 0]",0.006623794503678864,0.0031039207865772305
0.0,0.0,"[0, 1, 0]",0.0,0.086,"[0, 0, 1]",0.006693876203877099,0.003133122931568732
0.0,0.114,"[0, 0, 1]",0.0,0.0,"[0, 1, 0]",0.00668958009061436,0.003133316029430833
0.0,0.108,"[1, 0, 0]",0.0,0.064,"[0, 0, 1]",0.006691883678590059,0.0031227908742294
0.0,0.104,"[1, 0, 0]",0.0,0.11,"[1, 0, 0]",0.00664668983520505,0.0031040041724242533
0.0,0.07,"[0, 0, 1]",0.0,0.074,"[1, 0, 0]",0.006687361649375336,0.0031326149010851754
0.0,0.032,"[1, 0, 0]",0.0,0.036,"[1, 0, 0]",0.0066661417679808365,0.0031309121817646203
0.0,0.0,"[0, 1, 0]",0.0,0.0,"[0, 1, 0]",0.006704234663460972,0.003133428494764231
0.0,0.106,"[1, 0, 0]",0.0,0.0,"[0, 1, 0]",0.006692586718519666,0.0031282818792090746
0.0,0.034,"[0, 0, 1]",0.0,0.02,"[0, 0, 1]",0.006691830917041572,0.0031316258798330388
0.0,0.0,"[0, 1, 0]",0.0,0.022,"[0, 0, 1]",0.0066904603104528965,0.0031330851175309176
0.0,0.0,"[0, 1, 0]",0.0,0.104,"[0, 0, 1]",0.006696876855156624,0.0031333052729277115
0.0,0.0,"[0, 1, 0]",0.0,0.0,"[0, 1, 0]",0.006691179393704605,0.0031326295316056823
0.0,0.068,"[1, 0, 0]",0.0,0.028,"[0, 0, 1]",0.006577550928962313,0.003103250729019942
0.0,0.098,"[0, 0, 1]",0.0,0.106,"[0, 0, 1]",0.006625900423973893,0.0031224446418986872
0.0,0.05,"[0, 0, 1]",0.0,0.0,"[0, 1, 0]",0.006692284549251169,0.003132824388238483
0.0,0.108,"[1, 0, 0]",0.0,0.046,"[0, 0, 1]",0.006530388687708587,0.003065486087683002
0.0,0.104,"[0, 0, 1]",0.0,0.034,"[0, 0, 1]",0.006701640602319349,0.00313329826061728
0.0,0.036,"[1, 0, 0]",0.0,0.046,"[0, 0, 1]",0.006659699224074219,0.003127856018536977
0.0,0.02,"[1, 0, 0]",0.0,0.014,"[1, 0, 0]",0.006695452536555005,0.0031331442149378484
0.0,0.09,"[1, 0, 0]",0.0,0.0,"[0, 1, 0]",0.006608195325662363,0.003092114560579134
0.0,0.0,"[0, 1, 0]",0.0,0.0,"[0, 1, 0]",0.006653735844689096,0.00312691979729915
0.0,0.028,"[0, 0, 1]",0.0,0.116,"[1, 0, 0]",0.0066807210099097064,0.0031299104398269657
0.0,0.0,"[0, 1, 0]",0.0,0.084,"[0, 0, 1]",0.006703291645584079,0.003133337299817247
0.0,0.0,"[0, 1, 0]",0.0,0.122,"[0, 0, 1]",0.006659437254383091,0.003128498243060137
0.0,0.116,"[1, 0, 0]",0.0,0.016,"[0, 0, 1]",0.006682941111540987,0.003118355529024633
0.0,0.0,"[0, 1, 0]",0.0,0.0,"[0, 1, 0]",0.006703206610832797,0.0031332776788518288
0.0,0.0,"[0, 1, 0]",0.0,0.0,"[0, 1, 0]",0.006660370854127618,0.003128655999530937
0.0,0.076,"[0, 0, 1]",0.0,0.0,"[0, 1, 0]",0.006658165976913001,0.003126375115369522
0.0,0.072,"[1, 0, 0]",0.0,0.0,"[0, 1, 0]",0.006622399969215735,0.003109356729614434
0.0,0.094,"[0, 0, 1]",0.0,0.0,"[0, 1, 0]",0.006626633377949882,0.003117000383170934
0.0,0.0,"[0, 1, 0]",0.0,0.048,"[1, 0, 0]",0.006697225187579767,0.003133286592512114
0.0,0.0,"[0, 1, 0]",0.0,0.0,"[0, 1, 0]",0.006693991753844074,0.003133306250030581
0.0,0.11,"[0, 0, 1]",0.0,0.062,"[1, 0, 0]",0.006646816458347706,0.0031244351125200827
0.0,0.064,"[1, 0, 0]",0.0,0.028,"[0, 0, 1]",0.006631185041105849,0.003103389882624006
0.0,0.102,"[0, 0, 1]",0.0,0.03,"[0, 0, 1]",0.006662419603635619,0.0031309579705774936
0.0,0.0,"[0, 1, 0]",0.0,0.044,"[1, 0, 0]",0.006674804545659313,0.0031313075204605217
0.0,0.01,"[1, 0, 0]",0.0,0.118,"[1, 0, 0]",0.006695366452969132,0.00313337388573295
0.0,0.104,"[1, 0, 0]",0.0,0.022,"[0, 0, 1]",0.006530560525962308,0.003039254053462318
0.0,0.086,"[1, 0, 0]",0.0,0.0,"[0, 1, 0]",0.006551484146738269,0.003086451679708155
0.0,0.0,"[0, 1, 0]",0.0,0.0,"[0, 1, 0]",0.006668233218882889,0.0031296324235041513
0.0,0.042,"[1, 0, 0]",0.0,0.0,"[0, 1, 0]",0.006654008372948069,0.003124368936983074
0.0,0.02,"[1, 0, 0]",0.0,0.0,"[0, 1, 0]",0.006704577675009635,0.003133319748288693
0.0,0.036,"[1, 0, 0]",0.0,0.034,"[1, 0, 0]",0.006632653642785453,0.0031278932417009085
0.0,0.102,"[0, 0, 1]",0.0,0.088,"[1, 0, 0]",0.006601409526414942,0.003113865840035759
0.0,0.12,"[0, 0, 1]",0.0,0.0,"[0, 1, 0]",0.006571190434381171,0.003107833791917887
0.0,0.042,"[1, 0, 0]",0.0,0.1,"[1, 0, 0]",0.006699575649272985,0.003132529486358743
0.0,0.05,"[0, 0, 1]",0.0,0.0,"[0, 1, 0]",0.0066852902739248,0.003132182240181739
0.0,0.036,"[1, 0, 0]",0.0,0.12,"[1, 0, 0]",0.006670109056391438,0.0031303999957762283
0.0,0.062,"[1, 0, 0]",0.0,0.056,"[1, 0, 0]",0.0065880656688484095,0.003099990909587545
0.0,0.0,"[0, 1, 0]",0.0,0.0,"[0, 1, 0]",0.006671721195393505,0.003130618799868969
0.0,0.082,"[0, 0, 1]",0.0,0.086,"[0, 0, 1]",0.0066998223075291005,0.003133330220490086
0.0,0.092,"[0, 0, 1]",0.0,0.0,"[0, 1, 0]",0.006699973519387845,0.00313328514715583
0.0,0.096,"[0, 0, 1]",0.0,0.106,"[1, 0, 0]",0.006662122506164378,0.00313091814308287
0.0,0.0,"[0, 1, 0]",0.0,0.0,"[0, 1, 0]",0.006693296530717411,0.0031332132905680463
0.0,0.0,"[0, 1, 0]",0.0,0.036,"[1, 0, 0]",0.006701962884939143,0.00313343789090517
0.0,0.0,"[0, 1, 0]",0.0,0.09,"[1, 0, 0]",0.006665985706238351,0.003129895651185005
0.0,0.086,"[1, 0, 0]",0.0,0.028,"[1, 0, 0]",0.006694465517675727,0.003129732286837935
0.0,0.0,"[0, 1, 0]",0.0,0.072,"[1, 0, 0]",0.006666190129171102,0.0031294465280011924
0.0,0.0,"[0, 1, 0]",0.0,0.0,"[0, 1, 0]",0.006686768756223985,0.0031326867542112425
0.0,0.0,"[0, 1, 0]",0.0,0.066,"[0, 0, 1]",0.006696826057068556,0.003133314219274712
0.0,0.07,"[1, 0, 0]",0.0,0.092,"[0, 0, 1]",0.006518251299759368,0.0030836429308802684
0.0,0.016,"[1, 0, 0]",0.0,0.034,"[1, 0, 0]",0.006700880845150966,0.003133197422202119
0.0,0.046,"[1, 0, 0]",0.0,0.106,"[0, 0, 1]",0.006698783208321353,0.003132610603194789
0.0,0.102,"[0, 0, 1]",0.0,0.042,"[1, 0, 0]",0.0066764290916245285,0.0031322278966318343
0.0,0.122,"[0, 0, 1]",0.0,0.012,"[0, 0, 1]",0.00660072695238559,0.0031158896969758023
0.0,0.046,"[0, 0, 1]",0.0,0.0,"[0, 1, 0]",0.006697053818266197,0.0031332915237195893
0.0,0.086,"[1, 0, 0]",0.0,0.118,"[0, 0, 1]",0.006702410575318199,0.003130798906974807
0.0,0.062,"[0, 0, 1]",0.0,0.116,"[0, 0, 1]",0.006658167137399014,0.0031277760011476827
0.0,0.056,"[1, 0, 0]",0.0,0.076,"[1, 0, 0]",0.006679006323798557,0.0031261733855452644
0.0,0.0,"[0, 1, 0]",0.0,0.034,"[0, 0, 1]",0.006703577113224596,0.003133258145283328
0.0,0.074,"[0, 0, 1]",0.0,0.082,"[1, 0, 0]",0.006643585632764137,0.0031200264938052893
0.0,0.044,"[0, 0, 1]",0.0,0.078,"[0, 0, 1]",0.006686061216906993,0.0031319721791081487
0.0,0.096,"[0, 0, 1]",0.0,0.0,"[0, 1, 0]",0.006654656525142346,0.003128416730455749
0.0,0.0,"[0, 1, 0]",0.0,0.0,"[0, 1, 0]",0.00670518688514581,0.0031332111498766865
0.0,0.0,"[0, 1, 0]",0.0,0.102,"[1, 0, 0]",0.006703825960340269,0.0031332219163994835
0.0,0.0,"[0, 1, 0]",0.0,0.054,"[1, 0, 0]",0.0066249599399750185,0.003121138438354005
0.0,0.066,"[1, 0, 0]",0.0,0.106,"[0, 0, 1]",0.006674045806371239,0.0031268221754921378
0.0,0.064,"[0, 0, 1]",0.0,0.0,"[0, 1, 0]",0.006654117826033288,0.0031263042534478394
0.0,0.0,"[0, 1, 0]",0.0,0.034,"[0, 0, 1]",0.006696098738426196,0.003133347191112325
0.0,0.068,"[1, 0, 0]",0.0,0.0,"[0, 1, 0]",0.006674867396937506,0.003125418598942404
0.0,0.082,"[1, 0, 0]",0.0,0.04,"[1, 0, 0]",0.00667071769735976,0.0031170292551474113
0.0,0.018,"[0, 0, 1]",0.0,0.106,"[1, 0, 0]",0.006705599934731382,0.003133451918921639
0.0,0.074,"[0, 0, 1]",0.0,0.066,"[0, 0, 1]",0.006702834734066702,0.0031333501475186857
0.0,0.0,"[0, 1, 0]",0.0,0.09,"[1, 0, 0]",0.006699581946311717,0.00313319231525016
0.0,0.048,"[1, 0, 0]",0.0,0.1,"[1, 0, 0]",0.006699037673224381,0.003132382764073704
0.0,0.056,"[0, 0, 1]",0.0,0.082,"[1, 0, 0]",0.00670119696523803,0.003133423842709459
0.0,0.076,"[1, 0, 0]",0.0,0.064,"[1, 0, 0]",0.0065634270856123,0.003091196655750586
0.0,0.0,"[0, 1, 0]",0.0,0.032,"[0, 0, 1]",0.006686272165096192,0.003132566420298023
0.0,0.016,"[1, 0, 0]",0.0,0.0,"[0, 1, 0]",0.006700837772384997,0.003133358050271737
0.0,0.0,"[0, 1, 0]",0.0,0.02,"[0, 0, 1]",0.00666143770009872,0.003128910137446229
0.0,0.056,"[1, 0, 0]",0.0,0.0,"[0, 1, 0]",0.006668918165598893,0.0031217036425137267
0.0,0.06,"[1, 0, 0]",0.0,0.038,"[1, 0, 0]",0.006679509768098247,0.0031250053786299947
0.0,0.0,"[0, 1, 0]",0.0,0.104,"[1, 0, 0]",0.006704045147696936,0.0031332137088305274
0.0,0.084,"[0, 0, 1]",0.0,0.066,"[0, 0, 1]",0.006698127557240546,0.003133396253950775
0.0,0.0,"[0, 1, 0]",0.0,0.064,"[0, 0, 1]",0.006659834737880357,0.0031285321994207744
0.0,0.114,"[0, 0, 1]",0.0,0.102,"[0, 0, 1]",0.006637119393040489,0.003124383696649178
0.0,0.0,"[0, 1, 0]",0.0,0.078,"[0, 0, 1]",0.006639033742611243,0.003125035161146955
0.0,0.0,"[0, 1, 0]",0.0,0.0,"[0, 1, 0]",0.0066799705199688105,0.003131514925649135
0.0,0.0,"[0, 1, 0]",0.0,0.036,"[1, 0, 0]",0.006705293687985083,0.003133109906495573
0.0,0.0,"[0, 1, 0]",0.0,0.102,"[1, 0, 0]",0.006704566725078614,0.003133306309103624
0.0,0.0,"[0, 1, 0]",0.0,0.0,"[0, 1, 0]",0.0066916319545362105,0.003132699579199883
0.0,0.0,"[0, 1, 0]",0.0,0.08,"[1, 0, 0]",0.006705250029963515,0.0031333528849575537
0.0,0.0,"[0, 1, 0]",0.0,0.048,"[1, 0, 0]",0.0067042497500036,0.0031332811624451705
0.0,0.086,"[1, 0, 0]",0.0,0.082,"[0, 0, 1]",0.0065517306407117774,0.003064648908746028
0.0,0.0,"[0, 1, 0]",0.0,0.108,"[1, 0, 0]",0.006659861032301225,0.003128439648805062
0.0,0.03,"[0, 0, 1]",0.0,0.0,"[0, 1, 0]",0.0066901888771472035,0.0031321508788001965
0.0,0.054,"[0, 0, 1]",0.0,0.0,"[0, 1, 0]",0.006702759821675299,0.0031332858302068303
0.0,0.016,"[1, 0, 0]",0.0,0.052,"[1, 0, 0]",0.006685112394611889,0.003133342129400757
0.0,0.042,"[0, 0, 1]",0.0,0.054,"[1, 0, 0]",0.006683937710875651,0.003128596120665344
0.0,0.0,"[0, 1, 0]",0.0,0.056,"[0, 0, 1]",0.006705336580286124,0.0031333043733848664
0.0,0.066,"[0, 0, 1]",0.0,0.028,"[0, 0, 1]",0.006700860273067574,0.003133428641495625
0.0,0.078,"[0, 0, 1]",0.0,0.108,"[1, 0, 0]",0.006686320154119458,0.0031327776844900365
0.0,0.0,"[0, 1, 0]",0.0,0.0,"[0, 1, 0]",0.0067047655002142464,0.0031334414820314714
0.0,0.116,"[0, 0, 1]",0.0,0.0,"[0, 1, 0]",0.00664950723863366,0.0031295900730399467
0.0,0.096,"[0, 0, 1]",0.0,0.0,"[0, 1, 0]",0.006701735053755272,0.0031332828678124363
0.0,0.0,"[0, 1, 0]",0.0,0.114,"[0, 0, 1]",0.006639799758570471,0.0031248235439062127
0.0,0.0,"[0, 1, 0]",0.0,0.116,"[1, 0, 0]",0.006675445036695918,0.003131349514949673
0.0,0.112,"[0, 0, 1]",0.0,0.0,"[0, 1, 0]",0.006691619371727925,0.0031332843719224664
0.0,0.0,"[0, 1, 0]",0.0,0.0,"[0, 1, 0]",0.006704370486745138,0.0031333260148873675
0.0,0.124,"[1, 0, 0]",0.0,0.118,"[0, 0, 1]",0.006509869182168763,0.003043523847260828
0.0,0.044,"[1, 0, 0]",0.0,0.078,"[1, 0, 0]",0.006586064821776485,0.003121079422344313
0.0,0.0,"[0, 1, 0]",0.0,0.046,"[1, 0, 0]",0.00670411174233447,0.0031331420177317408
0.0,0.026,"[0, 0, 1]",0.0,0.0,"[0, 1, 0]",0.006703852741280029,0.003133361625986115
0.0,0.098,"[0, 0, 1]",0.0,0.0,"[0, 1, 0]",0.0066960093596111344,0.003133338005846871
0.0,0.0,"[0, 1, 0]",0.0,0.0,"[0, 1, 0]",0.006665885486101116,0.003129693278136983
0.0,0.056,"[0, 0, 1]",0.0,0.0,"[0, 1, 0]",0.006685330115800484,0.003131628286942973
0.0,0.114,"[1, 0, 0]",0.0,0.0,"[0, 1, 0]",0.006519761092301948,0.003036053826118803
0.0,0.088,"[0, 0, 1]",0.0,0.02,"[1, 0, 0]",0.00663116795576521,0.003120536792125648
0.0,0.12,"[1, 0, 0]",0.0,0.086,"[1, 0, 0]",0.0067018608770672405,0.0031292960257918506
0.0,0.054,"[0, 0, 1]",0.0,0.07,"[0, 0, 1]",0.0066574456052404685,0.003123539761094583
0.0,0.098,"[1, 0, 0]",0.0,0.062,"[0, 0, 1]",0.006693366723870231,0.003130248341042805
0.0,0.012,"[1, 0, 0]",0.0,0.118,"[1, 0, 0]",0.006705480160034996,0.0031332884872156113
0.0,0.064,"[1, 0, 0]",0.0,0.036,"[0, 0, 1]",0.006647170158586604,0.003114694835523226
0.0,0.058,"[1, 0, 0]",0.0,0.0,"[0, 1, 0]",0.006635504217067097,0.003111749926455199
0.0,0.0,"[0, 1, 0]",0.0,0.088,"[0, 0, 1]",0.006666531193503751,0.003129640118011729
0.0,0.088,"[0, 0, 1]",0.0,0.012,"[0, 0, 1]",0.006626721013963582,0.0031191671708597625
0.0,0.058,"[1, 0, 0]",0.0,0.092,"[1, 0, 0]",0.006678829950011835,0.003124856119516986
0.0,0.096,"[1, 0, 0]",0.0,0.0,"[0, 1, 0]",0.006540784838342006,0.0030518328961180665
0.0,0.044,"[0, 0, 1]",0.0,0.098,"[1, 0, 0]",0.0067012516214304116,0.0031331067178435195
0.0,0.092,"[1, 0, 0]",0.0,0.06,"[0, 0, 1]",0.006667993598196716,0.0031202704942391037
0.0,0.082,"[1, 0, 0]",0.0,0.0,"[0, 1, 0]",0.0066704180813241245,0.0031198283981236346
0.0,0.038,"[0, 0, 1]",0.0,0.05,"[0, 0, 1]",0.006673528542917025,0.003126376316209847
0.0,0.01,"[0, 0, 1]",0.0,0.024,"[1, 0, 0]",0.006704906942516636,0.003133171348475825
0.0,0.082,"[1, 0, 0]",0.0,0.0,"[0, 1, 0]",0.006694733211858869,0.003130870648768495
0.0,0.076,"[1, 0, 0]",0.0,0.092,"[0, 0, 1]",0.006563847332544095,0.0030948423491835267
0.0,0.0,"[0, 1, 0]",0.0,0.062,"[0, 0, 1]",0.006652376526596789,0.0031271646111343497
0.0,0.0,"[0, 1, 0]",0.0,0.0,"[0, 1, 0]",0.006639219268528148,0.0031245174709243198
0.0,0.064,"[0, 0, 1]",0.0,0.116,"[1, 0, 0]",0.006679407038331945,0.003132163789092277
0.0,0.016,"[0, 0, 1]",0.0,0.114,"[1, 0, 0]",0.006703085529259823,0.0031329627840962983
0.0,0.082,"[0, 0, 1]",0.0,0.124,"[0, 0, 1]",0.006705194302139826,0.003133203679397845
0.0,0.066,"[1, 0, 0]",0.0,0.022,"[0, 0, 1]",0.006696669177350109,0.003130774622391305
0.0,0.0,"[0, 1, 0]",0.0,0.124,"[1, 0, 0]",0.006680069276194828,0.0031318810652894162
0.0,0.0,"[0, 1, 0]",0.0,0.0,"[0, 1, 0]",0.006666943513010342,0.0031299197945858
0.0,0.084,"[1, 0, 0]",0.0,0.102,"[1, 0, 0]",0.0066941203893119,0.003130713014577583
0.0,0.0,"[0, 1, 0]",0.0,0.012,"[1, 0, 0]",0.006658480810387495,0.00312871223576604
0.0,0.0,"[0, 1, 0]",0.0,0.0,"[0, 1, 0]",0.006703852672610179,0.003133414561197633
0.0,0.058,"[1, 0, 0]",0.0,0.1,"[1, 0, 0]",0.0066979279788826965,0.0031297055901029353
0.0,0.0,"[0, 1, 0]",0.0,0.1,"[1, 0, 0]",0.0067048877951810205,0.0031332505019900573
0.0,0.0,"[0, 1, 0]",0.0,0.0,"[0, 1, 0]",0.006699117383989663,0.003133054845664586
0.0,0.0,"[0, 1, 0]",0.0,0.0,"[0, 1, 0]",0.0066965643548713505,0.003133163737382559
0.0,0.02,"[1, 0, 0]",0.0,0.0,"[0, 1, 0]",0.006703482513200374,0.0031331404243343628
0.0,0.096,"[1, 0, 0]",0.0,0.0,"[0, 1, 0]",0.006540888057204068,0.003077951100958035
0.0,0.064,"[1, 0, 0]",0.0,0.0,"[0, 1, 0]",0.006588439891651524,0.0030940838693718337
0.0,0.0,"[0, 1, 0]",0.0,0.0,"[0, 1, 0]",0.006704528520694954,0.00313333257485496
0.0,0.0,"[0, 1, 0]",0.0,0.068,"[0, 0, 1]",0.0067030361264343785,0.0031332931399487194
0.0,0.0,"[0, 1, 0]",0.0,0.018,"[1, 0, 0]",0.006693303287714719,0.0031330678251067787
0.0,0.094,"[1, 0, 0]",0.0,0.06,"[1, 0, 0]",0.006540768574762174,0.003059125100317482
0.0,0.1,"[0, 0, 1]",0.0,0.062,"[1, 0, 0]",0.006678512424525321,0.003132631982951936
0.0,0.082,"[1, 0, 0]",0.0,0.118,"[1, 0, 0]",0.006613893605565124,0.003090808539493495
0.0,0.0,"[0, 1, 0]",0.0,0.0,"[0, 1, 0]",0.0067046421066363614,0.0031332021061371506
0.0,0.05,"[0, 0, 1]",0.0,0.086,"[0, 0, 1]",0.006660896315553264,0.003125015786879162
0.0,0.102,"[1, 0, 0]",0.0,0.0,"[0, 1, 0]",0.006650339661115674,0.0031018334613027005
0.0,0.05,"[0, 0, 1]",0.0,0.084,"[1, 0, 0]",0.0066645356238190685,0.0031258534204757858
0.0,0.04,"[0, 0, 1]",0.0,0.0,"[0, 1, 0]",0.006680110694352696,0.003126939638594553
0.0,0.06,"[0, 0, 1]",0.0,0.0,"[0, 1, 0]",0.006669278985514979,0.0031264016595129
0.0,0.12,"[1, 0, 0]",0.0,0.058,"[0, 0, 1]",0.006643923131826243,0.0030929355835507795
0.0,0.018,"[0, 0, 1]",0.0,0.056,"[0, 0, 1]",0.006705181508935829,0.0031332345502895005
0.0,0.022,"[1, 0, 0]",0.0,0.084,"[1, 0, 0]",0.006679796480199827,0.003133241061655629
0.0,0.0,"[0, 1, 0]",0.0,0.044,"[0, 0, 1]",0.006665218669669837,0.0031294842866698537
0.0,0.082,"[1, 0, 0]",0.0,0.0,"[0, 1, 0]",0.006702355220556813,0.003130956266091916
0.0,0.036,"[1, 0, 0]",0.0,0.09,"[0, 0, 1]",0.006688978875684535,0.003131552706493893
0.0,0.07,"[1, 0, 0]",0.0,0.122,"[0, 0, 1]",0.0066956647921059455,0.00313062686075147
0.0,0.062,"[1, 0, 0]",0.0,0.016,"[0, 0, 1]",0.006588217869276379,0.003096268804623384
0.0,0.034,"[0, 0, 1]",0.0,0.054,"[1, 0, 0]",0.006690337365609745,0.003131636134100115
0.0,0.054,"[0, 0, 1]",0.0,0.0,"[0, 1, 0]",0.0066920933680224,0.003132923559571793
0.0,0.122,"[0, 0, 1]",0.0,0.0,"[0, 1, 0]",0.006704634024328315,0.003133320710546861
0.0,0.0,"[0, 1, 0]",0.0,0.0,"[0, 1, 0]",0.0066234365637336074,0.0031211360138873
0.0,0.0,"[0, 1, 0]",0.0,0.05,"[1, 0, 0]",0.006704785368756383,0.003133283468734203
0.0,0.034,"[0, 0, 1]",0.0,0.076,"[0, 0, 1]",0.0066924553046166105,0.0031323601114393923
0.0,0.078,"[0, 0, 1]",0.0,0.0,"[0, 1, 0]",0.006643377430260898,0.0031230200342682066
0.0,0.086,"[1, 0, 0]",0.0,0.046,"[1, 0, 0]",0.006627993963659647,0.003108498131231415
0.0,0.0,"[0, 1, 0]",0.0,0.026,"[1, 0, 0]",0.006699475397045975,0.0031334342382281282
0.0,0.036,"[0, 0, 1]",0.0,0.026,"[0, 0, 1]",0.006680389499568764,0.00312866438077011
0.0,0.112,"[1, 0, 0]",0.0,0.084,"[1, 0, 0]",0.006588852518788674,0.003061285135066802
0.0,0.044,"[1, 0, 0]",0.0,0.0,"[0, 1, 0]",0.006665460040031085,0.003128353636264592
0.0,0.062,"[1, 0, 0]",0.0,0.0,"[0, 1, 0]",0.006647711776765535,0.0031174509831129586
0.0,0.0,"[0, 1, 0]",0.0,0.072,"[0, 0, 1]",0.006659835180501409,0.0031287173676956227
0.0,0.0,"[0, 1, 0]",0.0,0.036,"[1, 0, 0]",0.006687024168421819,0.003132720800093978
0.0,0.0,"[0, 1, 0]",0.0,0.012,"[1, 0, 0]",0.006686893679076647,0.0031328601641028393
0.0,0.0,"[0, 1, 0]",0.0,0.072,"[1, 0, 0]",0.006675677982303625,0.003131158138103937
0.0,0.09,"[1, 0, 0]",0.0,0.06,"[1, 0, 0]",0.0066678003383824755,0.003122630795060568
0.0,0.0,"[0, 1, 0]",0.0,0.04,"[1, 0, 0]",0.006689985290062928,0.00313288832178787
0.0,0.036,"[1, 0, 0]",0.0,0.0,"[0, 1, 0]",0.006632416245665366,0.0031278683092099825
0.0,0.088,"[0, 0, 1]",0.0,0.122,"[1, 0, 0]",0.006700464674791589,0.003133290330320519
0.0,0.06,"[1, 0, 0]",0.0,0.0,"[0, 1, 0]",0.006594719287350257,0.0030998754849851174
0.0,0.106,"[0, 0, 1]",0.0,0.0,"[0, 1, 0]",0.006609614848074287,0.003116240852284657
0.0,0.094,"[1, 0, 0]",0.0,0.116,"[0, 0, 1]",0.006488778930356981,0.003051899718101609
0.0,0.11,"[1, 0, 0]",0.0,0.106,"[1, 0, 0]",0.006692699864551181,0.003129795266662424
0.0,0.0,"[0, 1, 0]",0.0,0.11,"[0, 0, 1]",0.006675103746177362,0.003131329956898054
0.0,0.0,"[0, 1, 0]",0.0,0.028,"[0, 0, 1]",0.0066848122742791906,0.0031322364498275177
0.0,0.042,"[0, 0, 1]",0.0,0.0,"[0, 1, 0]",0.006678072106315464,0.0031261329154336588
0.0,0.0,"[0, 1, 0]",0.0,0.04,"[1, 0, 0]",0.006705058431087558,0.003133241302606453
0.0,0.0,"[0, 1, 0]",0.0,0.064,"[1, 0, 0]",0.006666201462974582,0.003129717769905429
0.0,0.04,"[1, 0, 0]",0.0,0.102,"[0, 0, 1]",0.006688626389064106,0.0031295986201246577
0.0,0.016,"[1, 0, 0]",0.0,0.062,"[1, 0, 0]",0.006704478282537962,0.003133120871545141
0.0,0.0,"[0, 1, 0]",0.0,0.024,"[1, 0, 0]",0.00665261851690666,0.0031279850345002588
0.0,0.012,"[1, 0, 0]",0.0,0.036,"[1, 0, 0]",0.0067051767692662785,0.0031330704698284426
0.0,0.112,"[0, 0, 1]",0.0,0.0,"[0, 1, 0]",0.00661537168429084,0.0031162633409419107
0.0,0.0,"[0, 1, 0]",0.0,0.076,"[0, 0, 1]",0.006625049834669085,0.0031211415115897745
0.0,0.078,"[0, 0, 1]",0.0,0.038,"[1, 0, 0]",0.0066686109535124645,0.00312913084630935
0.0,0.0,"[0, 1, 0]",0.0,0.124,"[0, 0, 1]",0.006704731272719705,0.003133283385749523
0.0,0.034,"[1, 0, 0]",0.0,0.0,"[0, 1, 0]",0.006691429487437404,0.0031324548820286327
0.0,0.0,"[0, 1, 0]",0.0,0.0,"[0, 1, 0]",0.006700894200402135,0.003133353166693291
0.0,0.024,"[0, 0, 1]",0.0,0.084,"[0, 0, 1]",0.006704521557017571,0.003133170847050084
0.0,0.106,"[1, 0, 0]",0.0,0.072,"[1, 0, 0]",0.006684288781957821,0.003120212326784288
0.0,0.0,"[0, 1, 0]",0.0,0.0,"[0, 1, 0]",0.006697639291865539,0.003133236617280754
0.0,0.04,"[0, 0, 1]",0.0,0.0,"[0, 1, 0]",0.006691235703329505,0.003130976308447378
0.0,0.0,"[0, 1, 0]",0.0,0.052,"[0, 0, 1]",0.006651194853749611,0.003127739410949382
0.0,0.0,"[0, 1, 0]",0.0,0.0,"[0, 1, 0]",0.0067023923568521075,0.003133326021781875
0.0,0.082,"[0, 0, 1]",0.0,0.114,"[1, 0, 0]",0.006656609796429899,0.0031269180506010197
0.0,0.052,"[0, 0, 1]",0.0,0.0,"[0, 1, 0]",0.006663690304817165,0.0031258168222435267
0.0,0.0,"[0, 1, 0]",0.0,0.0,"[0, 1, 0]",0.0066910515419104965,0.0031328642733860963
0.0,0.086,"[0, 0, 1]",0.0,0.06,"[0, 0, 1]",0.006705006269270087,0.003133323204284753
0.0,0.0,"[0, 1, 0]",0.0,0.0,"[0, 1, 0]",0.006651943156323064,0.003127255720926144
0.0,0.038,"[0, 0, 1]",0.0,0.058,"[1, 0, 0]",0.0066984666219412755,0.003132990682155093
0.0,0.094,"[1, 0, 0]",0.0,0.014,"[1, 0, 0]",0.006623895175643207,0.0030995355303335263
0.0,0.074,"[1, 0, 0]",0.0,0.058,"[1, 0, 0]",0.00670188086264112,0.00313122486467274
0.0,0.06,"[1, 0, 0]",0.0,0.072,"[1, 0, 0]",0.0066793300742683725,0.003123247320963536
0.0,0.044,"[1, 0, 0]",0.0,0.0,"[0, 1, 0]",0.006665751123589865,0.0031282959164160057
0.0,0.0,"[0, 1, 0]",0.0,0.054,"[1, 0, 0]",0.006705735574966939,0.0031332352924904354
0.0,0.048,"[1, 0, 0]",0.0,0.076,"[0, 0, 1]",0.006675811879733392,0.0031267017992712845
0.0,0.116,"[0, 0, 1]",0.0,0.0,"[0, 1, 0]",0.006697539092385774,0.003133155133180848
0.0,0.0,"[0, 1, 0]",0.0,0.11,"[1, 0, 0]",0.0066523169048500795,0.003127370109021785
0.0,0.05,"[1, 0, 0]",0.0,0.034,"[0, 0, 1]",0.006675213161401307,0.003124096997944464
0.0,0.0,"[0, 1, 0]",0.0,0.094,"[1, 0, 0]",0.006653758219649364,0.003127438901907505
0.0,0.0,"[0, 1, 0]",0.0,0.0,"[0, 1, 0]",0.0066461536325917595,0.003126383293208969
0.0,0.036,"[1, 0, 0]",0.0,0.072,"[1, 0, 0]",0.006632064102332735,0.003128060067904588
0.0,0.04,"[1, 0, 0]",0.0,0.046,"[0, 0, 1]",0.006688708647088232,0.003130721585331092
0.0,0.082,"[1, 0, 0]",0.0,0.082,"[0, 0, 1]",0.006562284446775596,0.003076693158008948
0.0,0.09,"[0, 0, 1]",0.0,0.02,"[0, 0, 1]",0.006698151203704872,0.003133312218388034
0.0,0.056,"[1, 0, 0]",0.0,0.0,"[0, 1, 0]",0.006697626133080932,0.003132088850856005
0.0,0.03,"[0, 0, 1]",0.0,0.012,"[0, 0, 1]",0.006704349943467732,0.003133249026244032
0.0,0.082,"[1, 0, 0]",0.0,0.0,"[0, 1, 0]",0.006670755696962501,0.0031197205959430548
0.0,0.09,"[1, 0, 0]",0.0,0.076,"[0, 0, 1]",0.006608258253160161,0.0030820937825461413
0.0,0.112,"[0, 0, 1]",0.0,0.0,"[0, 1, 0]",0.006701371602731134,0.003133215326461005
0.0,0.036,"[0, 0, 1]",0.0,0.106,"[1, 0, 0]",0.006703485991168421,0.003133269341978912
0.0,0.052,"[1, 0, 0]",0.0,0.0,"[0, 1, 0]",0.006681475657303145,0.003128621615160804
0.0,0.078,"[1, 0, 0]",0.0,0.0,"[0, 1, 0]",0.0065024882778425405,0.0030772633245744643
0.0,0.0,"[0, 1, 0]",0.0,0.116,"[1, 0, 0]",0.006697696120667139,0.0031332024577061827
0.0,0.124,"[1, 0, 0]",0.0,0.03,"[0, 0, 1]",0.006509496108227954,0.0030243817516159032
0.0,0.04,"[0, 0, 1]",0.0,0.0,"[0, 1, 0]",0.0066914515615679885,0.0031310323870490197
0.0,0.022,"[0, 0, 1]",0.0,0.034,"[1, 0, 0]",0.006697958660930204,0.0031307572579075344
0.0,0.02,"[0, 0, 1]",0.0,0.028,"[1, 0, 0]",0.0067041078027555686,0.003133266242361997
0.0,0.036,"[1, 0, 0]",0.0,0.0,"[0, 1, 0]",0.006631877632301132,0.003127964092662667
0.0,0.034,"[0, 0, 1]",0.0,0.048,"[0, 0, 1]",0.006693650838617125,0.003132497564380511
0.0,0.106,"[0, 0, 1]",0.0,0.024,"[1, 0, 0]",0.006698497327758523,0.003133274276296947
0.0,0.094,"[0, 0, 1]",0.0,0.0,"[0, 1, 0]",0.006699422666958271,0.0031333641069670377
0.0,0.124,"[1, 0, 0]",0.0,0.044,"[0, 0, 1]",0.006581826924481953,0.003061057228258582
0.0,0.076,"[0, 0, 1]",0.0,0.0,"[0, 1, 0]",0.0066795386431630155,0.0031323188498816714
0.0,0.0,"[0, 1, 0]",0.0,0.0,"[0, 1, 0]",0.006690236287470301,0.0031329335311284386
0.0,0.112,"[1, 0, 0]",0.0,0.0,"[0, 1, 0]",0.006644027259277004,0.003095243132510448
0.0,0.096,"[1, 0, 0]",0.0,0.088,"[1, 0, 0]",0.0066499993023949495,0.0031077803142252184
0.0,0.022,"[0, 0, 1]",0.0,0.112,"[1, 0, 0]",0.00669997477072838,0.003131482354887859
0.0,0.018,"[1, 0, 0]",0.0,0.036,"[1, 0, 0]",0.006703036459446894,0.0031333280243023825
0.0,0.038,"[0, 0, 1]",0.0,0.074,"[0, 0, 1]",0.00667849285288482,0.0031281434299659885
0.0,0.0,"[0, 1, 0]",0.0,0.038,"[1, 0, 0]",0.006683758388091657,0.003132299731870073
0.0,0.102,"[0, 0, 1]",0.0,0.114,"[1, 0, 0]",0.006679081537261322,0.003132662762432533
0.0,0.084,"[1, 0, 0]",0.0,0.09,"[1, 0, 0]",0.006608006805324188,0.0030914335425080443
0.0,0.0,"[0, 1, 0]",0.0,0.0,"[0, 1, 0]",0.006691009838051118,0.0031329467143483896
0.0,0.046,"[0, 0, 1]",0.0,0.082,"[0, 0, 1]",0.006701587166425181,0.003133110356341351
0.0,0.066,"[1, 0, 0]",0.0,0.078,"[1, 0, 0]",0.0065777578807306464,0.0031007405280705893
0.0,0.108,"[0, 0, 1]",0.0,0.0,"[0, 1, 0]",0.006691455566179267,0.0031333935359641424
